id.orig_p,id.resp_p,proto,service,duration,orig_bytes,resp_bytes,conn_state,missed_bytes,history,orig_pkts,orig_ip_bytes,resp_pkts,resp_ip_bytes,label
57446,22,udp,dns,0.93,11939,39516,S1,564,ShAD,77,520,66,910,0
16819,53,tcp,ssh,0.05,29964,38871,REJ,186,S,18,518,90,1255,0
1884,21,icmp,ssh,1.04,307,17857,REJ,549,ShAD,88,1272,50,1019,0
39182,22,tcp,dns,4.45,3359,19627,SF,452,Rej,66,523,14,561,0
63594,25,tcp,unknown,2.19,29648,18565,RSTR,470,SAD,48,971,16,393,0
55367,443,udp,http,1.28,35944,26025,SF,987,Sf,33,438,54,343,0
45756,21,icmp,dns,1.39,34019,27832,SH,737,ShADadf,58,1085,43,534,1
12308,110,tcp,dns,0.0,38134,44116,REJ,564,Sf,83,423,42,1137,0
55910,21,tcp,dns,1.07,27323,9782,S1,910,SAD,73,131,81,691,0
7289,25,icmp,ftp,3.12,6226,38650,REJ,223,SAD,28,697,22,762,0
17874,80,tcp,ssh,10.97,21689,22366,RSTR,153,Rej,35,1253,68,468,0
63702,110,tcp,unknown,5.63,30971,28557,SF,559,ShAD,10,1288,19,1041,0
38218,20,icmp,smtp,0.07,25954,5798,S1,350,ShAD,65,396,66,1387,0
22986,53,icmp,unknown,6.86,24423,9627,REJ,146,SAD,42,254,39,618,0
48215,20,icmp,smtp,4.59,30391,41183,RSTO,904,Rej,85,1071,73,281,0
61812,21,icmp,ftp,4.55,14330,12466,RSTR,575,Rej,9,712,19,217,0
45155,20,udp,dns,1.84,4891,42614,RSTR,348,S,60,1358,16,407,0
61287,25,icmp,ftp,1.52,4992,12720,RSTO,181,ShADadf,15,66,54,1242,0
17047,443,udp,ftp,1.08,1961,41913,REJ,636,ShAD,99,964,25,948,0
42114,53,udp,http,0.2,12497,37292,RSTR,178,SAD,57,1038,18,981,0
2709,20,udp,ssh,0.78,32551,6559,S1,38,S,69,625,23,1318,0
1793,20,tcp,smtp,0.85,10848,40388,REJ,771,Sf,22,675,85,721,0
60759,21,udp,dns,1.99,13255,19158,REJ,893,ShAD,64,632,11,464,0
63979,443,udp,smtp,4.13,4567,30916,SF,2,ShADadf,41,658,39,1340,0
57125,22,tcp,unknown,1.93,48847,22057,RSTR,63,Rej,87,829,68,736,0
3457,20,tcp,smtp,0.18,39281,35892,RSTR,28,SAD,71,1261,25,648,0
6335,25,tcp,unknown,9.5,48003,41439,RSTO,371,ShAD,56,301,63,617,0
38843,80,icmp,ssh,8.58,20389,11706,SF,522,Sf,23,1286,96,964,0
40212,53,tcp,unknown,4.61,44523,12070,SH,96,ShADadf,25,1163,30,1130,0
18592,20,tcp,smtp,14.24,43919,40902,SF,869,ShADadf,91,825,45,1296,0
54731,25,udp,smtp,2.36,16567,924,RSTR,441,S,6,443,90,538,0
20793,25,tcp,unknown,9.87,3358,26478,REJ,202,ShAD,34,450,61,546,1
29717,53,icmp,ftp,0.24,22999,5506,SF,410,Sf,63,955,51,625,0
7420,22,tcp,ssh,1.37,42358,46418,RSTO,992,ShADadf,9,747,98,1425,0
63211,25,icmp,http,0.77,10988,35163,SF,20,SAD,60,1209,9,583,0
28504,80,tcp,dns,0.65,40446,24604,RSTO,550,ShADadf,49,106,76,763,0
42458,25,tcp,smtp,0.46,31521,15310,SH,734,Sf,97,678,2,1089,0
26682,25,tcp,dns,2.92,5698,8226,SF,101,Rej,51,523,5,880,0
19966,25,tcp,http,4.56,1273,11781,RSTO,45,Rej,60,182,62,1227,0
58025,22,icmp,dns,2.59,27543,5515,SF,65,S,70,193,69,917,1
19455,20,icmp,http,0.48,31349,36133,SH,602,ShAD,37,900,52,1344,1
3771,25,udp,unknown,5.0,11241,16972,SF,163,Sf,31,908,86,644,0
59343,443,icmp,ftp,3.03,9497,32092,S1,970,S,98,666,5,745,1
60174,20,tcp,smtp,1.47,41875,11410,RSTO,110,ShADadf,41,82,59,291,0
1213,22,udp,http,3.36,32703,19522,SH,337,ShADadf,62,625,68,329,0
65469,23,udp,dns,0.9,44041,9095,RSTO,122,Rej,93,825,9,999,0
20142,20,udp,smtp,1.27,31954,23047,RSTO,704,S,58,1024,93,933,0
36797,20,tcp,ftp,7.48,8002,20470,S0,446,Rej,14,294,22,1305,0
54834,110,icmp,unknown,1.03,4247,43129,SH,610,SAD,36,1055,27,111,1
2923,21,tcp,smtp,1.9,41988,8531,SF,290,Rej,36,1142,10,175,0
57910,110,udp,http,6.63,21698,37038,RSTO,670,SAD,79,1247,80,597,0
2291,80,tcp,ftp,3.69,19738,22403,RSTR,411,ShADadf,8,885,61,600,1
32575,21,tcp,dns,0.19,10703,42674,S0,614,S,26,275,51,1102,0
51704,53,icmp,ftp,0.48,48240,29122,S1,896,SAD,36,1266,10,874,0
12418,53,icmp,ftp,0.02,49422,16940,RSTO,280,S,48,716,6,1475,0
4580,22,udp,ssh,2.99,17570,29831,RSTO,42,S,85,994,62,850,0
4914,21,tcp,ftp,1.78,12392,11279,S0,485,SAD,28,1173,5,677,0
42630,20,tcp,ftp,0.43,44724,38220,SF,595,ShAD,68,370,70,478,0
31764,53,icmp,smtp,9.51,32299,6477,RSTR,962,Rej,62,616,63,368,0
61256,25,tcp,dns,2.26,15641,17400,S1,702,SAD,80,1031,56,923,1
15526,443,tcp,smtp,0.83,13998,6470,RSTO,50,ShADadf,86,316,59,245,1
22801,20,tcp,smtp,2.08,6305,2062,SF,897,S,76,592,63,320,0
11651,80,icmp,http,3.41,32726,41798,SH,209,Sf,80,111,89,1356,0
9816,25,udp,smtp,0.24,18782,19880,RSTR,125,SAD,51,1421,59,219,0
44347,25,udp,ssh,0.96,12721,34581,SH,491,Rej,42,1254,51,929,1
44045,21,tcp,ssh,4.93,39763,44439,RSTR,508,S,29,1150,50,821,0
9457,22,udp,http,1.85,12427,14308,S1,959,ShAD,82,359,4,283,0
44025,80,icmp,unknown,2.37,46550,26027,REJ,969,ShADadf,10,731,48,1339,0
12040,53,icmp,dns,1.7,20566,30720,RSTR,580,ShAD,39,837,32,239,1
24921,21,udp,dns,0.13,2230,35081,REJ,776,Sf,82,891,51,79,0
3636,53,udp,smtp,0.54,6511,9706,SH,257,SAD,1,291,52,691,0
57217,21,tcp,smtp,1.77,49280,9837,RSTR,929,S,39,1034,99,1293,0
59731,21,udp,unknown,0.7,42229,38599,S1,187,SAD,21,1151,74,117,0
56411,21,tcp,smtp,0.15,26177,36824,S0,229,Rej,65,87,34,1176,0
55662,22,tcp,dns,5.57,4765,33073,S1,188,SAD,15,1134,36,1304,0
24507,21,icmp,ftp,11.92,20354,47115,S1,414,ShADadf,4,1343,70,782,0
59846,23,icmp,ssh,4.73,23929,32088,S0,9,Sf,60,650,43,1315,0
49579,443,icmp,ftp,5.77,28820,28112,S0,113,ShAD,61,844,16,1447,0
60924,53,icmp,ftp,0.83,46040,26299,SF,75,Sf,20,679,59,674,0
18183,20,udp,dns,9.7,29523,34457,RSTR,675,S,10,645,53,621,0
45998,110,icmp,ftp,0.66,5552,30063,SH,501,SAD,87,1061,19,433,0
42018,80,udp,unknown,9.07,627,3917,SF,84,S,34,243,98,681,0
15565,22,icmp,http,15.79,11989,2936,S0,48,ShAD,48,1106,89,147,0
36944,20,udp,smtp,3.73,13780,36630,REJ,494,S,33,188,95,1103,0
27555,25,tcp,http,11.91,6589,14506,SH,837,Rej,98,350,41,1073,0
2609,23,udp,ssh,2.53,34812,28805,REJ,688,Sf,61,560,81,73,0
4967,110,udp,smtp,0.9,28128,14318,S1,386,ShAD,10,245,47,192,1
24963,20,icmp,ftp,1.72,45939,48068,RSTO,969,ShAD,54,538,94,1117,0
20481,20,udp,ssh,2.7,38652,26026,S1,388,ShAD,84,551,54,951,0
2045,23,tcp,smtp,0.23,27790,27672,S1,217,ShADadf,65,572,55,1291,0
12677,110,tcp,unknown,2.92,40953,38417,RSTO,700,Sf,77,1150,95,1282,0
44597,25,icmp,unknown,11.92,249,27281,RSTR,980,S,1,526,19,651,1
14441,21,tcp,unknown,0.63,19309,48442,S0,345,ShAD,5,344,62,642,0
54019,53,udp,unknown,4.72,25901,28091,REJ,229,Sf,80,660,99,1238,0
41781,25,tcp,ftp,7.15,23576,38328,S1,254,ShAD,15,1183,93,1161,0
10716,21,icmp,http,8.63,31508,48219,RSTO,235,Rej,28,248,59,1255,0
46782,22,udp,smtp,9.67,9175,18610,SF,25,Rej,95,1048,65,348,0
64913,443,icmp,ftp,2.21,25464,1079,S1,583,Rej,23,949,68,1072,1
7897,80,udp,unknown,11.36,16260,29850,REJ,260,SAD,17,447,28,938,1
6699,80,tcp,http,4.25,35440,46751,S0,765,ShAD,98,300,18,66,0
1185,53,icmp,ssh,0.53,29546,20590,S1,270,SAD,13,476,26,1243,0
38089,110,icmp,ssh,1.94,40047,30951,S1,122,Sf,14,235,19,299,0
27581,23,udp,ssh,3.8,41430,15327,RSTR,655,SAD,11,446,55,595,0
34787,110,icmp,unknown,0.85,1987,12755,RSTO,256,Sf,28,912,57,129,0
64781,23,udp,ssh,3.07,49242,7235,SF,655,Sf,42,1316,6,275,0
33630,110,udp,dns,3.3,25105,17197,SF,420,Sf,96,722,1,1187,1
63279,443,udp,smtp,0.53,12948,21473,SH,258,S,99,511,8,1137,0
12558,22,udp,smtp,2.5,13026,2031,S0,947,SAD,61,336,97,865,0
30151,22,tcp,unknown,4.43,2773,41282,SH,46,S,64,1312,51,389,1
41421,21,udp,dns,2.07,45927,41863,REJ,862,ShAD,31,1254,85,907,0
62166,22,icmp,ftp,0.04,9878,14287,S0,524,SAD,81,272,88,1286,0
26875,22,tcp,ftp,0.03,42946,38679,S1,887,ShAD,73,1365,25,1371,0
2040,25,icmp,ssh,1.32,10377,44463,S1,207,ShAD,10,100,47,104,0
25277,25,tcp,http,7.82,7347,32230,SF,310,Sf,8,1205,55,888,0
56615,21,udp,ftp,0.78,33776,19037,REJ,746,SAD,21,1310,64,257,0
25300,53,tcp,http,3.02,3783,27052,RSTO,148,ShAD,77,353,83,1299,0
24271,25,tcp,smtp,0.75,4298,3340,REJ,833,Rej,59,659,93,1392,0
25324,53,icmp,http,1.16,4668,40644,S1,437,ShAD,50,1350,10,955,1
9553,20,icmp,smtp,5.65,20671,48664,RSTO,154,Rej,69,600,56,391,0
18286,25,udp,dns,3.92,34820,45203,REJ,677,SAD,70,510,12,755,0
10292,443,tcp,dns,0.3,34484,1141,REJ,89,S,30,1144,33,86,0
22295,21,tcp,unknown,1.68,33078,25425,RSTO,697,SAD,95,1230,71,1249,0
13209,20,tcp,unknown,0.09,47159,19281,S1,829,S,17,849,17,377,0
64728,443,udp,ssh,1.97,20922,42049,REJ,357,S,75,393,61,1357,0
22267,443,udp,ftp,3.26,34028,20425,RSTO,173,SAD,20,950,10,1466,0
40123,443,udp,ssh,0.38,45925,34806,RSTR,216,ShAD,48,1225,31,424,0
9595,53,udp,smtp,1.02,20316,32113,RSTR,906,ShADadf,73,103,60,1186,0
58860,110,udp,ssh,1.52,11460,4270,S1,455,ShAD,2,203,70,1019,0
41000,20,icmp,http,7.56,16968,42814,RSTO,775,ShAD,37,392,17,432,0
39068,23,tcp,smtp,15.0,30266,4683,RSTR,608,Sf,1,1057,50,304,0
52238,20,tcp,unknown,0.14,30209,49646,RSTO,628,Sf,4,1479,37,1252,0
62252,110,tcp,dns,4.29,24000,39884,REJ,198,ShAD,54,114,82,1439,0
50240,20,tcp,unknown,1.39,14011,29809,S1,831,Rej,25,1390,62,537,0
50008,22,tcp,ftp,1.5,2866,34552,RSTR,485,S,3,929,90,184,1
41798,23,tcp,smtp,4.21,47133,3786,SH,532,Sf,9,856,80,596,0
3592,110,tcp,smtp,7.52,5898,21650,REJ,199,ShAD,86,384,72,765,0
55639,53,tcp,http,9.04,18395,28706,SH,370,ShADadf,87,139,88,1485,0
63616,80,icmp,ftp,2.58,39019,9190,SH,958,Rej,76,1114,77,590,1
3051,110,tcp,dns,1.33,37707,38196,S0,852,SAD,74,1044,29,845,0
3719,21,icmp,smtp,4.65,4006,39449,S0,447,ShAD,34,1195,32,313,0
59863,110,udp,smtp,0.87,34393,39661,S1,247,ShAD,43,617,88,180,0
49214,22,tcp,http,2.49,10956,29709,RSTR,787,S,74,924,80,1115,0
6282,80,udp,ssh,1.33,30663,45429,RSTR,263,Rej,94,776,11,720,0
23026,22,udp,dns,3.21,6078,14892,RSTR,57,Sf,22,531,96,1120,1
40528,80,udp,unknown,0.82,29631,9643,RSTO,301,Sf,70,133,6,1425,0
34183,21,icmp,ftp,0.64,30140,9943,REJ,30,Sf,2,648,35,1096,0
15010,53,udp,smtp,7.51,41691,43240,RSTR,497,SAD,94,1470,33,1266,0
62882,22,udp,smtp,0.32,3961,45760,REJ,248,Rej,66,623,18,1348,1
64800,22,udp,unknown,2.12,29277,21042,S1,604,Rej,32,1495,37,147,0
13690,443,tcp,dns,0.75,41574,43894,SH,776,Sf,16,526,13,105,0
39684,80,tcp,ssh,0.12,31417,6869,RSTR,270,Sf,76,658,74,1475,0
4585,25,icmp,smtp,0.11,22484,40437,S1,605,S,1,1051,90,1202,1
27878,80,icmp,dns,0.58,18103,44306,RSTR,665,ShADadf,72,796,81,992,1
65529,443,tcp,unknown,6.05,29345,42833,S0,393,ShADadf,48,1053,64,804,0
39976,20,icmp,http,1.0,46326,20918,SF,796,ShAD,50,307,1,1026,0
53275,80,tcp,ssh,9.01,39454,28379,S1,501,ShAD,13,1203,63,822,0
23686,53,udp,ftp,2.61,1587,42939,RSTR,591,Rej,15,126,89,821,1
9416,443,udp,smtp,1.72,42571,25274,SF,803,Rej,53,632,34,853,0
31559,20,icmp,dns,2.6,21031,17696,S1,83,SAD,44,1410,10,803,0
14091,23,tcp,http,2.18,26212,2962,RSTO,364,SAD,8,762,84,1129,0
49057,443,tcp,ftp,4.27,10350,13851,RSTR,885,ShADadf,74,529,7,617,1
53280,23,icmp,dns,1.0,18816,45747,RSTO,548,ShAD,46,552,56,585,0
24623,22,tcp,dns,1.31,20288,5296,S0,341,ShADadf,69,722,80,656,0
62966,443,udp,ftp,6.74,29432,14745,RSTR,838,ShADadf,19,345,37,899,1
36246,21,icmp,http,8.78,44222,5730,SH,406,ShAD,38,371,29,62,0
12861,23,icmp,unknown,6.69,48617,13921,S0,424,SAD,11,368,12,1111,0
15063,53,tcp,http,1.63,6837,32894,SF,743,S,43,834,17,1464,1
59172,21,icmp,ssh,4.55,34217,5602,S1,92,S,20,1180,48,216,1
31842,110,tcp,smtp,1.94,20884,17575,REJ,847,S,20,1024,84,914,1
20139,110,tcp,ftp,2.06,5454,19023,S0,613,ShAD,21,1196,26,570,0
64359,20,tcp,unknown,0.69,9424,45349,REJ,411,Sf,82,515,83,1416,0
11989,22,tcp,ftp,2.68,36885,15997,REJ,431,Sf,57,191,12,746,1
25562,443,tcp,ftp,0.62,41637,17750,S1,677,Sf,50,989,21,1197,0
43554,25,icmp,http,1.21,43618,41979,SF,158,Rej,74,1024,42,1472,1
6080,53,udp,smtp,5.79,18412,22837,S1,13,SAD,98,988,61,1333,1
33506,23,udp,ssh,0.7,47111,14997,RSTR,372,SAD,26,180,58,630,0
48740,21,icmp,dns,0.22,39613,39439,S0,224,Rej,30,1280,54,774,1
9134,110,icmp,dns,0.21,20142,23067,REJ,504,ShADadf,73,693,34,1398,0
14797,53,udp,ftp,8.48,37392,45039,S1,72,S,31,956,7,298,0
28290,25,udp,smtp,2.12,8848,20923,S1,248,Sf,42,831,35,1317,0
54016,443,udp,unknown,1.58,49317,8876,S1,510,S,68,1122,15,362,0
18436,20,udp,http,5.0,13136,2887,S0,602,Sf,61,625,65,666,0
57561,25,udp,smtp,5.42,589,42422,SF,215,S,61,571,90,1050,0
34294,53,tcp,smtp,1.21,20908,36854,SH,972,ShADadf,70,1244,99,393,0
7934,25,icmp,http,3.55,6509,36948,S1,601,S,78,348,25,172,1
46477,53,tcp,ftp,4.42,40461,2841,S0,540,S,68,259,59,421,1
26470,53,udp,smtp,3.19,42222,28756,REJ,946,ShAD,90,587,79,860,0
57114,80,udp,dns,0.49,49223,6040,RSTR,816,S,17,976,86,156,0
54664,23,udp,http,6.26,44476,10304,SH,938,ShAD,19,1331,6,75,0
1230,110,tcp,unknown,2.32,45710,30341,RSTO,987,SAD,51,1466,52,615,1
22542,80,tcp,ssh,1.0,49420,4758,SH,219,Rej,70,1301,79,435,0
23385,443,udp,ftp,1.66,9968,17010,SH,839,S,63,1170,88,801,0
57897,80,tcp,http,0.11,2462,31658,S0,726,SAD,93,1165,21,449,1
24443,22,tcp,ssh,0.41,9460,49002,RSTO,220,ShAD,75,1145,71,679,0
51660,22,udp,ssh,4.35,33783,37782,S1,388,S,80,858,93,1300,1
58034,110,tcp,unknown,0.0,9275,1375,S1,553,S,30,1125,96,1482,1
49726,25,icmp,smtp,1.62,28677,33949,SH,646,ShADadf,25,71,32,1343,1
51039,23,icmp,unknown,2.22,13269,22092,S0,41,SAD,75,892,53,883,0
52966,110,icmp,smtp,0.17,406,490,RSTO,675,Sf,71,900,59,379,0
57584,53,icmp,smtp,10.84,7384,3729,S1,872,Sf,26,702,69,255,1
42547,21,udp,http,0.77,22553,5974,REJ,282,ShADadf,56,1198,62,477,0
55292,23,udp,http,1.09,24366,19680,SF,57,ShAD,22,1301,4,666,0
46175,23,udp,ftp,1.09,44036,18324,SF,813,Sf,89,165,86,627,0
23427,53,icmp,smtp,0.79,17369,31334,S1,833,Sf,19,750,18,603,0
19165,53,icmp,ssh,0.0,11795,21398,RSTO,536,Rej,31,587,99,290,0
15844,20,tcp,dns,3.92,4485,34650,RSTR,72,SAD,26,905,81,943,0
41366,110,tcp,ftp,10.22,41669,21292,S1,884,ShAD,42,952,56,580,0
7398,53,icmp,http,0.76,2618,35755,RSTR,922,S,41,446,24,762,0
57068,22,icmp,unknown,3.26,30143,38353,RSTR,128,SAD,23,1309,66,1283,0
2702,443,icmp,ftp,4.06,29425,3159,RSTO,598,ShAD,47,540,13,905,0
53418,21,icmp,ftp,5.66,22673,32626,RSTR,841,Sf,13,467,62,732,0
54812,110,tcp,ftp,1.65,9603,29351,REJ,425,Rej,89,957,54,80,0
34851,22,icmp,ftp,1.08,39696,37298,RSTO,947,SAD,66,770,15,1394,0
56844,25,tcp,dns,1.18,5368,17065,S1,664,Sf,66,698,69,647,0
63647,53,icmp,unknown,3.74,4621,21638,SH,693,ShAD,16,1104,3,957,0
17222,53,icmp,unknown,5.09,14719,1073,REJ,124,SAD,73,874,37,430,0
10938,23,icmp,unknown,0.6,29227,46511,S0,66,S,28,977,37,137,0
28914,22,tcp,smtp,1.39,43894,18771,SF,5,SAD,77,262,3,1368,0
53333,23,tcp,ssh,6.97,7566,35461,S1,636,Sf,35,476,63,707,0
23323,20,udp,unknown,4.93,12306,42330,S1,313,SAD,41,475,35,199,0
44609,23,icmp,ftp,12.57,24042,29320,S1,325,S,77,144,52,612,1
44713,20,udp,ftp,4.21,15086,4340,REJ,564,Rej,31,226,87,1057,0
65068,20,udp,unknown,1.5,17387,34924,S0,577,Rej,85,443,28,341,1
43581,53,tcp,unknown,2.68,27042,16184,SH,825,Sf,32,527,94,1341,0
50104,25,tcp,ftp,3.25,23888,40734,RSTO,505,ShAD,54,1155,18,1443,0
45044,23,udp,smtp,0.25,26514,2580,S0,81,Sf,98,869,36,499,0
3717,22,icmp,http,2.36,18323,40025,REJ,598,Rej,72,1056,33,329,0
30491,20,tcp,http,3.71,18019,28967,S1,1,ShADadf,59,532,64,1217,0
30747,53,icmp,unknown,0.55,9890,2159,SF,203,ShADadf,41,1052,26,805,0
47723,21,icmp,dns,4.55,40863,48940,S1,661,SAD,66,1341,48,163,0
4651,110,udp,unknown,2.63,45487,13900,RSTO,804,S,96,334,40,825,0
26963,25,udp,unknown,9.12,10283,11440,RSTR,403,SAD,54,1103,17,154,0
49949,80,udp,http,0.13,18279,14678,SF,102,ShADadf,40,549,40,788,0
43965,21,udp,ftp,0.92,46999,47204,S1,535,Rej,28,385,7,539,1
22858,110,tcp,unknown,2.76,22908,12021,SH,367,SAD,37,588,57,839,0
19071,21,tcp,ftp,1.06,47466,6772,SF,211,Sf,65,951,8,1324,0
27129,23,udp,ftp,3.76,37952,1627,RSTR,576,S,74,148,56,72,0
11254,20,tcp,dns,4.27,35170,44432,S0,960,Sf,55,545,31,1230,0
16731,25,udp,ftp,0.32,37663,8219,REJ,208,S,4,767,59,660,0
23000,443,icmp,http,2.16,44172,23464,S1,762,Rej,99,409,58,154,0
45286,20,icmp,smtp,2.13,47929,30232,RSTO,896,SAD,10,1167,12,352,0
60605,443,icmp,smtp,1.38,9343,42481,S0,116,S,47,446,48,84,1
24800,110,udp,ssh,8.11,10637,8488,S1,627,Sf,75,146,31,1355,0
31104,53,icmp,unknown,5.27,34724,34949,S0,748,SAD,14,366,83,1249,1
63864,80,tcp,http,3.58,39791,44362,RSTO,477,SAD,38,1237,63,998,1
2330,22,icmp,ftp,3.76,29134,39932,S1,104,Sf,12,499,74,821,1
62397,20,icmp,smtp,1.86,46830,18981,RSTR,494,ShADadf,45,799,39,1170,0
7800,25,icmp,http,7.61,47101,901,RSTR,770,S,17,323,76,713,0
28275,21,tcp,smtp,3.56,3907,22444,RSTO,45,Sf,80,1036,20,1044,0
63436,25,udp,ftp,3.92,33575,42058,SF,822,Rej,35,794,48,697,0
56040,110,tcp,smtp,5.93,46799,18061,RSTO,330,ShAD,66,480,71,550,0
10498,443,udp,unknown,0.96,4827,2881,SF,215,Sf,75,552,54,1224,0
41318,21,udp,unknown,4.94,30607,29863,S1,981,SAD,41,692,78,1186,0
59077,22,icmp,ssh,0.65,13699,45826,SF,959,SAD,67,1052,75,1309,0
22983,22,udp,ssh,1.27,37292,5622,S1,491,Sf,29,470,71,634,0
6554,20,tcp,smtp,1.23,47961,1378,S1,812,ShAD,18,232,29,353,0
30344,110,tcp,http,11.52,25883,17632,SH,921,Sf,20,63,74,955,0
54589,53,udp,unknown,5.83,48991,28311,REJ,844,ShAD,14,913,93,1389,0
4772,110,icmp,http,3.62,5313,5650,S1,448,ShAD,34,1045,73,1337,0
32992,443,icmp,http,3.9,13598,45201,SF,535,Rej,49,1193,48,1263,0
33586,25,tcp,smtp,2.48,45826,42224,REJ,510,S,54,1120,74,99,0
14569,22,icmp,http,8.82,49909,7036,REJ,457,SAD,31,642,83,835,0
63147,25,udp,unknown,2.06,28807,39255,S1,546,SAD,58,1114,56,579,0
1687,25,udp,ftp,1.44,4887,22499,RSTO,535,ShAD,42,440,95,605,0
35790,25,tcp,ssh,0.53,3854,37016,RSTO,539,SAD,58,1351,17,295,0
9018,22,udp,ftp,4.63,45226,4603,RSTR,483,ShADadf,82,1094,9,522,0
29045,23,tcp,http,3.98,14536,27773,REJ,975,ShAD,30,403,97,1311,0
62111,443,udp,ftp,1.46,3558,19937,S1,999,SAD,25,225,34,542,0
31327,443,tcp,unknown,0.08,9772,12632,SH,15,ShADadf,63,759,45,489,0
51671,21,icmp,unknown,5.48,36343,30607,RSTO,570,Rej,19,401,88,1105,1
4328,110,udp,http,0.03,35186,26337,SH,976,SAD,72,1102,9,402,0
53939,110,udp,smtp,3.65,36966,220,S1,242,ShADadf,92,1039,7,1123,1
55408,80,tcp,ftp,10.55,33769,46994,S1,949,Sf,8,1267,16,1256,0
52029,110,tcp,smtp,1.73,39887,4818,REJ,206,S,95,604,19,1262,0
47600,22,udp,smtp,0.8,19229,7349,SH,911,Sf,3,1093,6,192,0
40377,53,tcp,dns,3.66,9673,5618,RSTR,270,ShADadf,67,251,11,410,0
63027,20,udp,http,5.1,27877,27464,REJ,760,ShAD,86,379,76,565,0
18699,80,icmp,ssh,2.37,31601,42624,S0,993,ShAD,81,639,61,143,0
53757,20,tcp,unknown,10.24,38084,37344,SH,778,SAD,17,534,42,1052,0
45441,443,udp,unknown,0.16,16244,18255,RSTO,704,Sf,14,696,13,889,0
24962,20,icmp,http,2.11,27356,24299,RSTO,846,ShAD,9,486,12,920,0
24688,20,icmp,ssh,3.8,16806,47975,RSTO,729,ShAD,62,1142,85,402,1
2660,80,udp,unknown,5.96,23099,1462,SF,114,Sf,94,156,74,1363,0
21104,21,tcp,http,0.59,44641,15905,S1,579,Rej,21,555,20,925,0
61367,25,udp,unknown,4.83,37034,24920,REJ,298,ShAD,76,720,50,1346,0
28752,110,icmp,smtp,2.41,40317,16252,RSTO,836,S,37,1361,36,1249,0
50874,110,udp,ftp,1.52,19094,41004,S0,482,ShADadf,96,1348,92,352,1
27760,22,tcp,ftp,0.42,10589,40581,RSTO,396,SAD,11,68,88,1309,1
29697,80,icmp,unknown,6.01,1657,34836,RSTR,393,ShAD,20,516,69,1253,0
38529,22,udp,dns,0.51,32764,5753,S1,74,S,35,332,37,657,0
48347,53,tcp,ssh,1.11,39531,40005,SH,977,S,53,999,12,704,0
47669,53,icmp,ssh,1.03,3164,14175,S1,481,ShAD,47,1091,99,507,0
1878,22,tcp,ssh,6.15,27542,6191,SH,102,Rej,75,267,40,749,1
25572,80,icmp,smtp,3.35,18437,17898,SH,296,ShADadf,52,1206,54,1061,0
39647,22,udp,ssh,4.78,41247,18982,REJ,177,SAD,8,1116,2,914,0
8416,110,tcp,ftp,0.86,38505,14622,SF,214,ShAD,4,263,50,561,0
56704,23,icmp,smtp,2.94,19601,1001,SH,966,SAD,27,577,41,823,0
61842,20,tcp,http,2.54,28430,47645,SH,314,Sf,44,576,45,794,1
47741,23,tcp,ssh,5.37,6009,43000,REJ,38,S,40,502,9,1462,0
55425,80,udp,ssh,7.1,49759,23283,RSTO,258,S,47,748,62,1284,0
22580,23,tcp,http,0.04,4552,21435,RSTR,715,ShAD,94,909,86,309,0
51883,53,icmp,ssh,3.36,9417,27223,S0,6,ShAD,44,892,47,1492,0
61145,443,icmp,http,0.16,41989,37244,REJ,48,Sf,48,398,5,660,0
39583,20,icmp,smtp,2.39,2671,30024,SF,537,Rej,91,1219,76,184,1
27333,25,icmp,ftp,1.02,6519,49630,REJ,160,ShAD,85,446,1,172,0
22943,80,udp,http,1.1,36730,30734,S1,868,S,52,1108,44,1040,0
64758,20,tcp,dns,1.31,12734,515,RSTO,175,SAD,84,565,22,1220,0
5955,23,udp,http,2.91,45890,45246,RSTO,590,ShADadf,68,1408,38,209,0
53686,53,tcp,ssh,1.22,3722,1191,SH,1,SAD,11,739,19,934,1
33994,21,tcp,smtp,3.96,4906,32264,RSTO,894,Rej,77,1421,80,402,0
45239,25,tcp,unknown,1.56,30096,43628,RSTO,454,ShADadf,73,749,31,639,0
54394,20,udp,smtp,0.21,40031,46216,RSTO,927,SAD,4,944,67,842,0
13712,53,tcp,unknown,4.59,13699,6297,RSTO,643,SAD,76,1178,87,380,0
26366,53,udp,http,1.01,21438,27856,S0,275,Sf,73,682,42,881,0
38181,23,icmp,ftp,1.7,43856,49423,SF,497,Rej,77,1229,82,591,0
3351,110,icmp,dns,3.47,33576,8334,SH,628,S,48,952,26,1372,0
41796,23,tcp,smtp,1.21,41938,24162,RSTO,675,Sf,26,1012,13,551,0
53107,110,udp,ssh,0.17,49028,6008,SH,799,ShADadf,77,1314,58,671,0
41569,110,icmp,unknown,1.4,49877,7987,SF,27,S,39,843,18,311,1
1221,25,udp,ssh,8.67,32247,30966,RSTR,332,Sf,92,554,67,1160,0
24533,23,udp,ftp,3.08,43461,3332,RSTO,0,Rej,58,1121,87,1475,0
35722,21,tcp,unknown,3.34,27938,787,SH,187,ShAD,19,806,3,1495,0
45566,22,icmp,smtp,3.0,40469,38990,REJ,55,ShAD,88,496,55,232,0
16111,22,tcp,http,0.67,17600,9873,SH,546,ShADadf,83,1451,89,934,0
23695,23,tcp,ssh,1.63,20435,17006,RSTO,111,ShAD,77,404,91,260,0
26208,23,icmp,ftp,4.17,18581,20225,S1,797,Sf,77,1243,58,276,0
28872,25,icmp,smtp,0.32,14191,36444,S0,309,ShADadf,58,609,63,435,0
43131,23,udp,smtp,0.98,19190,35340,REJ,35,S,28,879,91,70,0
21690,110,icmp,smtp,0.97,27386,39683,REJ,438,Rej,66,600,52,1095,0
45381,53,udp,smtp,1.7,31721,5033,S1,728,ShADadf,10,203,89,951,0
52687,53,udp,unknown,11.79,13704,7788,RSTO,591,S,86,647,24,494,0
16732,110,udp,smtp,0.21,2123,15689,S0,825,ShADadf,77,716,72,877,0
27394,80,icmp,ssh,2.19,25174,44220,REJ,594,SAD,58,404,9,1456,0
50835,110,tcp,ftp,0.59,44301,21598,S0,576,SAD,73,1352,37,1356,1
3835,21,udp,unknown,10.59,49376,37480,REJ,324,ShADadf,97,755,94,990,1
57274,443,tcp,smtp,0.36,47216,29703,RSTO,639,ShAD,14,327,83,750,0
48035,20,tcp,dns,1.55,14586,66,RSTR,306,SAD,84,228,53,1215,0
7570,110,icmp,dns,4.02,31976,48623,REJ,533,Rej,15,92,80,914,0
59737,23,tcp,ftp,3.66,25416,45246,RSTR,727,S,96,436,24,843,0
35778,23,tcp,http,1.65,1814,7533,REJ,618,Sf,33,1297,21,378,1
31230,25,icmp,http,1.28,13001,15103,SF,108,SAD,17,452,40,903,0
42130,110,udp,unknown,1.52,16508,4616,RSTO,371,ShADadf,24,548,62,680,0
12435,25,tcp,unknown,0.92,19630,46045,S1,356,ShAD,30,781,70,844,0
3935,110,icmp,unknown,0.69,13380,38498,RSTR,180,Sf,62,1005,69,1251,0
2758,20,tcp,http,1.98,48174,43492,S1,355,S,13,1112,14,456,0
19251,443,tcp,dns,0.94,35699,11772,RSTO,675,S,62,98,42,1263,0
9704,53,udp,http,1.02,46335,23849,SH,67,SAD,47,1256,50,1141,0
20384,22,tcp,ssh,3.21,46806,49036,S1,291,S,16,1100,61,519,0
19367,110,icmp,smtp,10.38,12317,12940,RSTO,691,S,66,1139,4,120,0
6783,443,tcp,unknown,2.78,35739,16932,S1,180,ShAD,81,285,72,428,0
24102,53,udp,dns,0.24,34785,29769,RSTR,465,ShAD,96,126,88,1204,0
36177,80,udp,ftp,0.24,31980,24648,SF,433,ShAD,43,1280,75,778,0
12135,20,icmp,ftp,9.07,23799,47411,S1,463,ShADadf,8,894,17,605,1
38528,25,udp,smtp,1.06,35183,32966,RSTR,680,S,3,1106,85,1100,0
2826,25,tcp,dns,0.29,29166,27777,REJ,913,S,12,1058,57,555,0
9179,23,udp,http,2.74,19480,32567,RSTO,533,S,84,296,90,556,0
9144,53,icmp,http,2.93,1609,49723,S0,65,Rej,16,1016,48,564,0
40408,80,udp,ssh,3.14,717,17174,SH,20,ShAD,78,978,44,1028,0
48049,443,udp,ssh,0.93,19945,42598,S0,611,Sf,80,1221,45,1398,0
48278,20,udp,http,0.05,25592,13798,RSTO,383,SAD,59,532,91,1152,1
22942,53,icmp,ftp,10.06,28141,17558,SF,811,Sf,49,612,80,220,0
21469,80,udp,unknown,0.87,30009,44237,S1,614,ShADadf,63,754,90,777,1
61737,22,udp,ftp,3.38,45430,178,SF,558,ShADadf,62,1312,33,1228,1
31330,110,tcp,ssh,3.68,6782,20470,S0,38,S,49,376,31,1052,1
17670,25,icmp,smtp,2.82,26536,17118,SH,284,Sf,51,657,47,1468,0
47867,443,udp,http,1.13,33816,22616,RSTR,821,S,33,827,6,328,0
56463,25,icmp,ssh,0.95,25933,798,SH,601,Rej,30,945,72,758,0
32089,443,udp,ssh,2.73,11618,7601,RSTO,596,ShADadf,59,620,71,924,0
26223,23,udp,unknown,6.03,8307,25363,RSTO,784,ShADadf,76,1284,34,409,0
43000,443,udp,http,8.8,26671,2795,SF,335,Sf,15,317,53,169,0
17395,25,tcp,unknown,0.34,40673,31926,RSTR,187,ShADadf,82,1261,14,466,0
12859,443,tcp,http,0.5,42761,45264,SF,670,Rej,92,816,16,709,1
46960,22,tcp,unknown,8.69,10338,37356,S1,242,Rej,23,182,43,110,0
3073,23,icmp,ftp,4.0,38346,7297,REJ,72,Rej,78,401,73,1486,0
32640,443,icmp,smtp,6.44,46602,3084,RSTR,478,SAD,94,1254,74,1170,0
39215,53,tcp,smtp,0.68,6548,30329,REJ,973,Rej,97,1142,81,1151,0
48381,21,icmp,http,2.66,40149,11110,SH,560,Rej,45,319,12,655,0
62091,80,udp,dns,3.62,21164,731,S1,100,SAD,62,1456,70,1038,1
21956,21,udp,ssh,3.42,27526,1129,REJ,513,S,79,154,19,1125,0
53284,21,udp,ssh,1.57,31222,28022,S0,755,ShAD,71,1208,41,790,0
30879,20,tcp,http,0.05,20176,1605,SH,175,ShADadf,15,100,53,116,1
62458,22,icmp,unknown,2.62,2941,11970,REJ,237,Rej,46,313,29,797,0
8182,53,tcp,dns,0.88,5695,43705,S1,909,ShADadf,64,66,70,255,0
44040,110,icmp,ftp,1.79,39169,44130,REJ,58,Sf,46,787,59,1145,1
8424,443,udp,unknown,9.48,47947,29265,RSTO,864,ShADadf,56,128,89,1346,0
53346,80,tcp,unknown,1.53,47224,32330,SF,98,S,44,1164,64,171,0
43666,23,icmp,http,5.49,45865,2933,S0,953,SAD,75,601,24,824,0
16175,53,icmp,http,0.63,25553,15187,RSTO,870,ShADadf,29,1345,89,770,0
52431,25,udp,ssh,3.35,38965,25791,RSTO,953,ShADadf,95,148,16,1261,1
2178,110,tcp,http,11.32,38218,24900,S1,494,ShADadf,62,1291,52,1007,0
5523,20,tcp,http,0.32,25359,5074,SF,946,ShAD,89,272,80,85,0
7319,20,tcp,http,0.03,24816,46805,SF,979,ShAD,52,893,6,469,1
56373,53,udp,ssh,1.71,8378,26426,RSTR,513,Sf,54,325,37,817,1
61559,21,tcp,ftp,0.29,1881,39867,SH,754,SAD,88,971,85,590,1
60064,25,udp,ftp,4.14,39567,893,S0,296,ShADadf,57,352,4,1400,0
13207,20,udp,http,7.38,47365,34158,SH,210,ShADadf,83,1290,98,1189,0
30323,80,udp,ssh,1.71,13675,19773,S1,122,ShADadf,66,392,92,808,0
13898,20,icmp,ftp,0.9,4586,4239,S0,228,ShADadf,22,1160,38,305,0
51824,23,tcp,unknown,1.71,25006,20863,RSTR,593,ShAD,20,1371,41,1164,0
33735,443,tcp,ftp,3.86,41198,3432,REJ,655,S,33,1064,92,721,0
6563,20,udp,ftp,0.03,22831,35139,RSTO,387,S,72,106,81,968,0
43429,23,udp,ssh,2.67,35113,1515,S0,139,Sf,25,681,14,455,1
54375,53,tcp,unknown,2.85,16459,31670,SH,540,Rej,46,1283,71,581,0
62291,53,udp,ssh,3.05,32443,48674,RSTO,390,SAD,73,486,86,985,0
58621,110,tcp,http,0.83,42316,39094,S1,269,S,98,269,51,323,0
49378,20,icmp,smtp,3.76,30595,14605,SH,758,ShADadf,57,947,65,849,0
61551,80,udp,ftp,0.29,5877,5586,REJ,11,S,87,213,93,1357,0
3581,20,tcp,smtp,0.67,39553,35685,S1,866,Sf,5,474,52,231,0
39384,80,udp,ssh,6.3,48601,48669,REJ,388,Rej,55,1436,95,324,0
17506,22,tcp,ssh,4.03,4922,31186,REJ,336,S,61,1240,30,1109,0
3224,110,tcp,ssh,0.04,4686,26928,RSTO,505,Sf,89,1344,57,535,0
47964,22,udp,smtp,0.86,32766,32728,S1,105,ShAD,8,1160,79,415,0
3985,20,icmp,ssh,0.72,14407,17551,S1,31,Rej,16,828,82,1109,0
47999,110,tcp,http,0.95,32006,21493,S0,73,Sf,48,1042,99,93,0
22381,22,tcp,ssh,0.85,31422,20711,SH,170,S,61,1214,30,323,0
54609,21,tcp,dns,0.19,12205,20039,S1,848,ShAD,15,638,98,1221,0
12993,20,icmp,smtp,1.84,21054,36561,S0,68,Sf,65,799,42,875,0
3893,22,icmp,dns,3.96,23527,9947,SF,812,Sf,22,222,11,934,0
61602,21,udp,ssh,2.8,45947,32335,SF,361,S,3,1098,27,813,1
62159,21,icmp,http,3.35,18443,15859,SF,648,Rej,54,1315,24,625,0
51132,53,udp,ftp,0.25,16524,23122,RSTR,432,ShAD,14,254,99,521,1
47784,20,udp,unknown,9.08,28202,1577,S1,928,ShADadf,36,601,39,1251,0
29667,21,icmp,unknown,5.47,16,42256,RSTR,995,SAD,82,418,72,714,0
25760,53,udp,ssh,4.91,46142,28350,SH,99,Rej,82,909,18,140,0
39491,22,icmp,http,5.19,16848,41932,S1,657,ShAD,67,1414,77,816,0
24352,23,udp,smtp,8.1,20855,33798,S0,8,Sf,10,486,45,929,0
54669,20,icmp,dns,2.36,18211,31898,RSTR,573,ShAD,49,556,88,1490,0
26900,110,icmp,dns,0.67,25095,15881,RSTR,696,SAD,65,887,87,1129,0
22319,80,udp,dns,2.88,38724,10785,SH,28,S,91,545,12,658,0
5011,80,tcp,smtp,4.07,49241,6691,RSTR,892,SAD,57,1496,49,866,1
59895,22,udp,unknown,4.02,37583,17297,REJ,113,ShADadf,27,389,94,1136,1
23423,22,icmp,http,2.21,2843,6358,S0,461,ShADadf,75,948,31,1043,0
63879,21,tcp,smtp,0.21,29301,19581,SF,920,SAD,5,1050,92,763,0
47238,20,udp,dns,1.39,26460,1462,S0,142,Rej,71,1230,22,535,1
35010,80,udp,ssh,7.61,31918,15511,REJ,389,Rej,83,318,44,651,0
21904,80,udp,ftp,2.63,28747,10570,SH,631,Sf,57,351,92,75,0
5759,21,tcp,smtp,2.32,15972,48665,SH,681,ShADadf,93,202,64,1443,1
45088,80,icmp,smtp,0.94,28310,44414,S1,156,Sf,15,806,77,546,0
61103,110,udp,http,1.38,22927,15474,S0,334,ShADadf,99,686,25,765,0
5579,20,udp,http,6.77,1094,7037,SH,860,SAD,76,1448,51,1224,0
42938,443,udp,smtp,3.29,38892,28129,RSTR,259,Rej,30,149,7,679,0
41842,80,udp,dns,4.64,34172,42267,SH,81,Rej,20,779,6,1078,1
46549,22,udp,ftp,1.82,23324,13386,SH,753,SAD,37,1247,24,836,0
20854,110,icmp,http,2.98,20674,6221,SH,440,Sf,3,540,19,506,1
18453,80,icmp,dns,0.86,3982,23474,SH,944,Sf,73,143,83,349,1
7917,110,udp,ssh,3.67,45283,40537,SF,171,ShAD,41,1160,9,268,0
51869,53,tcp,http,1.67,15790,49839,SF,230,ShADadf,39,732,36,472,0
15397,443,icmp,dns,1.75,12205,47124,S1,719,Sf,26,576,40,736,0
48357,25,tcp,dns,3.14,24338,21045,SH,74,SAD,2,544,93,1454,0
4460,22,icmp,ftp,8.26,12748,25783,S0,269,Sf,23,841,24,723,0
9778,22,udp,ftp,0.2,21097,40157,REJ,898,Rej,23,163,48,349,0
11701,20,icmp,ssh,5.22,3092,4922,S1,625,ShADadf,85,398,63,1351,0
6919,110,udp,dns,1.04,22692,46407,S0,61,S,16,746,69,210,0
20762,21,icmp,unknown,1.76,23862,22706,SH,873,ShAD,9,959,53,1338,0
31770,22,udp,dns,0.07,24860,42771,RSTO,319,ShADadf,13,666,54,1436,1
50401,110,udp,ftp,1.07,13971,32479,SH,101,Rej,28,282,42,1460,0
49428,110,udp,unknown,2.1,14616,5178,SF,428,Rej,27,1092,45,914,1
55069,23,udp,http,0.17,4933,30022,REJ,873,Rej,51,1136,90,1441,0
33376,23,tcp,http,2.03,4926,15240,RSTR,721,Rej,64,1160,14,667,0
64795,25,udp,smtp,7.86,25763,26220,REJ,953,SAD,52,562,29,429,0
40814,53,tcp,ftp,0.33,3969,36736,RSTR,254,ShAD,81,1399,6,1310,0
42943,25,tcp,smtp,4.34,35733,2716,REJ,531,S,38,881,7,764,0
6624,80,udp,unknown,1.58,4319,16574,SF,569,Rej,65,683,37,1386,0
30148,21,tcp,ftp,3.19,41743,46279,RSTR,111,Rej,18,224,53,885,0
28667,80,icmp,ssh,0.9,39876,17719,S0,984,Sf,63,1362,18,1064,0
41788,80,udp,dns,0.52,41909,8181,RSTR,312,ShAD,51,1110,87,1472,0
10031,20,tcp,ssh,0.52,20323,45763,S1,997,ShADadf,9,1153,38,436,0
46738,80,udp,unknown,0.22,16428,44066,S0,460,ShAD,13,1301,59,1032,0
57859,25,udp,ftp,0.62,34578,49530,S1,707,ShAD,40,1448,1,177,0
38434,22,udp,unknown,3.27,20950,20213,SH,886,S,55,1389,68,1088,1
63679,22,tcp,dns,6.4,43041,6380,REJ,461,ShAD,79,1207,44,503,1
45104,23,icmp,http,5.05,41789,615,S0,864,S,43,78,47,1435,1
41471,21,icmp,http,3.47,18293,463,REJ,91,Rej,44,1340,35,814,0
9232,21,tcp,unknown,0.35,6364,31973,SH,51,Rej,68,1379,87,699,0
57515,20,udp,smtp,1.02,35349,9158,RSTO,804,SAD,33,1105,91,183,0
59611,25,tcp,ftp,1.11,691,20651,REJ,519,S,24,1048,60,717,0
19613,23,tcp,ftp,0.86,30062,3158,SH,811,S,36,509,90,1360,1
44508,21,tcp,http,2.17,931,20008,REJ,97,ShADadf,10,611,52,881,0
18477,22,udp,ssh,2.3,45896,46202,SH,235,Sf,20,1131,8,1477,0
37236,80,tcp,dns,1.32,31730,4938,S1,900,ShAD,75,754,80,723,0
44549,80,udp,ssh,1.31,14226,38185,SH,373,ShADadf,12,646,41,419,1
48226,23,tcp,ssh,5.29,13861,22388,RSTR,580,S,62,780,3,682,0
33659,25,icmp,unknown,4.67,31301,8881,RSTO,926,ShADadf,18,1266,96,1140,0
64232,25,tcp,http,1.1,48243,5603,REJ,556,SAD,94,166,69,1334,0
34852,53,tcp,http,7.35,22766,34980,SH,648,Sf,63,1271,84,978,0
19735,443,icmp,http,9.16,36174,22504,SH,233,S,84,835,14,1233,1
4444,21,udp,unknown,1.19,41107,16766,REJ,31,S,25,1169,96,511,0
32240,25,udp,smtp,1.31,17695,28386,RSTO,288,ShAD,12,1220,26,1245,0
1325,22,tcp,ssh,2.11,41347,11695,RSTO,637,Sf,21,957,70,179,1
46260,23,icmp,unknown,8.5,3121,17796,SH,578,SAD,25,395,58,641,0
50782,53,udp,ftp,6.27,18257,42543,S0,541,Rej,11,666,40,1434,0
53346,110,tcp,dns,0.32,28164,14559,S1,113,ShADadf,64,897,51,158,0
1723,20,icmp,smtp,1.5,25491,38914,RSTO,203,ShAD,73,661,5,1250,0
55264,110,udp,ftp,2.42,23165,33139,RSTO,28,S,50,462,77,573,0
59507,80,udp,ssh,2.1,48714,38333,SF,642,Rej,62,599,32,723,0
1214,20,icmp,http,0.65,3748,8802,RSTR,473,SAD,89,1155,80,460,1
11516,21,icmp,ssh,5.87,33045,8307,RSTO,696,Sf,99,83,1,424,0
51156,22,icmp,unknown,3.39,26553,40205,S1,252,ShADadf,96,683,77,1409,1
36767,20,icmp,dns,5.46,44331,33214,RSTR,797,ShAD,49,1139,54,640,0
7126,443,tcp,unknown,5.87,30497,34159,RSTR,904,S,14,1045,11,680,0
51360,110,icmp,smtp,4.14,31308,11516,REJ,921,S,1,282,53,887,1
53503,21,udp,smtp,1.74,39560,29086,REJ,385,Rej,81,238,8,306,0
20802,443,udp,dns,2.83,46686,48222,REJ,61,Rej,25,859,25,493,0
58495,80,tcp,ftp,0.52,10374,30480,REJ,514,ShADadf,59,493,40,1176,0
27665,443,udp,ftp,3.36,4675,44659,SF,429,Sf,72,852,32,1351,0
35608,53,udp,smtp,0.59,1170,47766,RSTO,579,SAD,69,943,88,674,0
33769,53,icmp,smtp,3.55,41449,38737,REJ,536,Sf,5,551,28,1002,0
56030,23,udp,http,0.78,43485,9265,SH,690,Sf,99,1272,78,1022,0
24117,21,tcp,ftp,0.38,12450,48629,S0,140,Sf,19,869,3,683,0
1593,80,icmp,dns,0.54,10680,5454,REJ,742,ShADadf,23,1020,91,380,1
39234,25,icmp,ftp,0.01,10068,35918,RSTO,299,ShADadf,9,479,84,915,1
35687,53,tcp,http,3.81,35230,26181,REJ,674,SAD,94,1332,79,121,0
52909,21,icmp,unknown,3.95,46418,15386,SF,310,Sf,50,708,62,359,1
37655,25,icmp,smtp,2.17,26206,39182,S1,470,ShADadf,16,1247,27,462,0
46705,23,tcp,smtp,0.53,287,37425,S1,392,SAD,33,1338,45,1014,0
8479,443,icmp,http,0.26,22337,43254,RSTO,641,S,2,535,92,1386,0
5038,53,tcp,dns,0.06,20666,24327,SH,444,SAD,14,229,25,312,0
12117,21,tcp,smtp,0.54,1161,21181,S1,757,Sf,1,1400,61,537,0
19094,20,udp,ssh,6.65,49281,47662,S1,808,ShAD,90,233,44,1452,0
36801,25,udp,smtp,0.83,35131,21452,S0,171,Sf,58,529,97,219,0
57982,443,icmp,ssh,1.31,24535,38248,RSTO,575,ShAD,89,404,46,1020,0
17562,53,icmp,http,0.33,32528,40801,SH,30,SAD,16,504,14,1249,1
11753,80,tcp,http,0.75,38751,33751,RSTO,46,S,79,1101,8,264,0
35201,25,icmp,smtp,2.2,16527,21991,S1,129,S,90,1153,48,1350,0
46041,53,tcp,ftp,2.81,40975,41311,S1,351,ShADadf,47,1421,14,1221,0
1808,25,tcp,ssh,0.84,23853,9916,S1,977,S,44,687,65,1451,0
28775,443,icmp,dns,0.18,14758,10143,RSTR,844,Rej,80,651,80,917,0
41888,53,tcp,smtp,1.49,244,25855,SF,621,SAD,14,586,82,819,0
41352,110,udp,dns,0.8,3178,15581,REJ,580,ShADadf,93,515,7,780,0
13557,21,icmp,smtp,0.74,31831,1907,SF,57,S,24,1352,79,1100,1
41135,443,udp,ftp,9.65,2176,29424,RSTO,105,SAD,55,870,88,127,0
40998,25,icmp,ftp,2.87,37770,23308,S0,811,Sf,15,247,49,192,1
55772,80,tcp,ftp,2.44,33654,41984,REJ,329,S,83,1080,55,978,1
6825,20,icmp,unknown,1.61,26627,41505,S0,767,ShAD,72,770,13,489,0
20214,25,udp,ftp,1.68,46489,46525,SH,823,SAD,34,588,73,367,0
50713,21,tcp,http,2.34,44910,36942,RSTR,682,ShADadf,2,493,56,709,0
39778,53,icmp,http,3.58,24881,26957,RSTO,382,Sf,27,347,56,1257,0
52017,20,icmp,unknown,3.63,35422,25464,RSTR,984,Rej,74,558,15,471,0
30616,22,icmp,ssh,0.57,11984,48476,RSTO,161,Sf,99,362,57,156,0
11671,25,udp,dns,2.08,23776,23649,S0,996,S,87,146,58,1237,0
9740,23,udp,smtp,1.59,17755,42065,S0,285,ShAD,72,889,35,1325,1
24379,22,icmp,smtp,6.13,7135,27125,S0,70,Sf,92,497,88,1387,0
23033,25,tcp,unknown,2.99,320,34758,RSTO,766,Rej,23,600,97,1368,1
53126,110,tcp,http,2.28,37422,5596,S1,453,ShADadf,68,1105,16,1110,0
25400,23,udp,smtp,0.37,28635,16374,S0,885,SAD,14,892,8,1485,1
46115,20,tcp,http,2.79,21684,3775,RSTR,566,ShAD,63,856,93,1443,0
5804,80,udp,ssh,0.37,23238,27388,SH,834,Rej,93,619,87,1143,0
62483,110,icmp,dns,1.23,21889,21029,REJ,396,S,65,821,45,261,0
3392,22,udp,ssh,0.46,30313,18445,RSTO,514,S,68,526,95,821,0
13063,53,udp,unknown,3.53,32535,48474,RSTR,25,S,63,1184,40,933,0
7679,21,icmp,ftp,0.69,48899,14645,SF,312,ShAD,96,734,54,640,0
41965,80,tcp,ftp,1.49,10770,31105,SH,125,Sf,97,744,14,429,0
5519,110,udp,ftp,6.78,39321,13668,SF,407,ShAD,90,1224,59,592,0
11917,53,udp,ssh,0.69,20426,15960,REJ,564,S,81,197,94,1235,0
26571,53,icmp,smtp,2.13,44327,11357,S1,197,Rej,87,637,53,1185,0
23410,25,tcp,dns,1.63,41777,37203,S0,810,SAD,64,769,27,958,0
56790,110,udp,ftp,0.05,46250,15804,RSTO,187,SAD,32,287,47,666,1
59534,20,icmp,unknown,4.72,7498,14626,RSTR,697,ShAD,79,340,80,932,0
14427,23,udp,unknown,0.21,39404,28132,S0,816,S,13,743,6,1312,0
33121,23,icmp,ftp,1.93,40130,7951,RSTR,809,ShADadf,66,887,55,1208,1
14145,22,tcp,ftp,2.47,16395,6449,RSTO,715,ShAD,19,490,97,829,0
56095,22,tcp,dns,2.97,49346,19065,SF,483,S,24,1123,44,893,0
11990,23,tcp,ftp,3.5,2537,35967,S0,449,Sf,88,1294,18,1058,0
60350,20,tcp,dns,0.88,19226,39536,REJ,522,SAD,11,361,16,997,0
34645,21,udp,unknown,0.03,15216,9130,S1,870,SAD,59,1169,12,295,0
54322,443,udp,ftp,3.86,18613,23824,REJ,353,SAD,86,1480,20,221,0
29336,21,tcp,ssh,2.3,3009,41401,S1,985,ShADadf,15,1336,45,613,0
53945,25,tcp,ssh,5.43,24368,36993,SH,657,S,10,592,64,847,0
50750,443,tcp,unknown,5.17,29327,31875,RSTR,596,S,41,828,59,1436,0
61629,443,udp,dns,5.56,14209,49748,S0,99,S,27,1464,93,1151,1
51324,110,tcp,ssh,1.99,48443,6054,S0,615,S,60,503,94,1256,0
23701,20,tcp,dns,1.22,15029,34273,SH,947,ShADadf,73,1116,90,618,1
56633,20,tcp,ssh,4.7,2077,41821,S1,557,Rej,52,319,22,320,1
32313,443,icmp,ssh,1.8,13907,48517,SF,555,ShAD,28,1317,97,276,0
57685,110,tcp,dns,0.61,36635,10832,RSTO,277,ShAD,65,1391,47,1207,0
32048,443,icmp,smtp,5.79,48920,29670,REJ,692,S,17,798,29,864,0
43699,80,icmp,ssh,6.43,4873,49112,SH,698,Sf,95,855,86,1245,1
5801,22,tcp,ftp,1.88,8635,22852,RSTR,989,SAD,44,129,45,260,0
63301,22,icmp,unknown,0.24,33065,23620,SH,625,ShADadf,10,1447,77,461,1
54030,21,tcp,smtp,1.47,45863,28307,REJ,490,Sf,63,1042,9,334,0
30773,25,udp,dns,4.88,41804,47551,REJ,254,Sf,93,540,24,265,0
16362,22,udp,smtp,6.96,33783,1551,RSTR,380,S,82,1227,15,1123,0
3515,53,udp,http,0.68,34152,47922,RSTR,891,ShADadf,47,83,36,1356,0
28260,21,udp,http,0.21,41513,27812,S0,541,ShAD,38,1024,13,926,0
49120,22,icmp,ssh,6.3,29092,13799,REJ,263,SAD,70,805,91,152,0
15623,25,tcp,ssh,1.48,17653,26312,RSTO,609,ShAD,76,904,44,1125,0
20532,20,tcp,ftp,2.34,32463,39620,RSTO,824,Sf,53,1258,71,438,0
55867,20,tcp,unknown,10.33,34028,1449,S1,878,SAD,78,384,72,1190,1
4075,443,udp,smtp,0.21,40469,24426,SH,328,Rej,44,1431,78,1411,1
49771,80,udp,http,3.14,20947,35427,RSTR,114,Sf,74,857,76,124,0
50180,20,tcp,ssh,0.23,29978,40277,S0,275,ShAD,54,77,36,424,0
22630,110,udp,unknown,1.41,22056,31551,RSTO,487,ShAD,20,103,61,880,0
22723,22,tcp,smtp,4.89,29007,24277,SF,280,S,79,214,81,1107,0
55045,110,tcp,ssh,1.7,43169,35489,S0,274,ShAD,31,926,40,599,0
1900,25,tcp,ssh,17.62,48287,45212,S0,772,ShADadf,7,981,93,1145,0
59359,20,tcp,http,2.46,44632,9637,RSTO,842,Sf,58,1460,27,550,1
57203,80,tcp,http,1.16,48449,43258,SF,718,SAD,10,802,1,1356,1
33117,25,tcp,ssh,0.75,5543,35693,S1,895,ShAD,10,1485,34,288,0
5166,53,tcp,dns,1.29,21067,9824,RSTO,327,S,39,284,68,1103,0
16226,53,udp,ssh,1.4,45256,26950,SF,210,S,28,276,88,62,0
40758,110,tcp,unknown,0.21,25097,23488,S0,726,ShAD,30,90,21,970,0
8103,443,tcp,ssh,1.38,42847,39008,SF,922,ShADadf,37,1142,33,366,0
9011,21,udp,ftp,1.87,43512,49664,S0,551,S,67,957,7,491,0
40591,443,udp,ftp,3.85,3809,215,SH,991,SAD,43,1436,65,195,0
29964,443,udp,ftp,3.21,22191,40067,RSTO,25,Sf,79,994,3,574,1
38257,80,tcp,dns,3.7,21267,11523,RSTR,26,Rej,85,504,51,252,0
18043,20,icmp,dns,0.03,7206,10364,RSTO,701,ShADadf,52,1318,79,1498,1
47209,80,icmp,ssh,0.74,21057,3153,SH,82,S,56,1190,95,932,1
19101,25,udp,ftp,3.25,28992,23834,REJ,895,Sf,76,1274,54,1201,1
27282,53,icmp,dns,1.98,46514,34474,REJ,945,Rej,68,589,80,725,0
22160,80,udp,http,0.02,15995,43066,REJ,681,ShAD,9,797,74,268,0
9335,25,tcp,ssh,4.9,48803,34335,RSTO,412,ShAD,92,933,93,1011,0
18238,80,icmp,unknown,4.45,44439,10400,S1,166,SAD,23,625,59,1117,0
15122,443,tcp,smtp,2.39,13210,10345,RSTO,699,Rej,63,1328,6,708,0
29275,22,icmp,ssh,0.21,17793,33896,SH,168,ShAD,61,135,29,1401,0
38969,110,tcp,smtp,4.36,26270,19894,SH,800,ShAD,40,606,17,179,0
48054,21,icmp,ftp,2.63,5197,28899,RSTR,978,S,44,326,60,686,0
26969,80,tcp,smtp,4.57,48321,40635,SF,228,SAD,86,376,22,584,1
26340,21,tcp,ftp,4.18,7452,28229,RSTO,978,Sf,24,1204,24,828,0
33241,23,icmp,http,4.87,41486,5583,RSTO,608,ShAD,51,84,81,1172,0
9332,80,tcp,smtp,2.19,14859,4897,S0,366,ShADadf,58,219,85,571,0
6973,22,tcp,ssh,0.45,27236,6001,SH,527,ShADadf,90,655,51,106,0
53014,21,tcp,ftp,3.34,31899,43881,S0,790,Sf,94,1197,50,831,0
2174,80,icmp,ssh,2.91,32083,4567,S0,646,Rej,33,959,11,799,0
24968,20,icmp,dns,4.07,2172,9271,RSTO,537,SAD,16,561,56,581,0
35723,110,tcp,ftp,0.56,45926,47116,S1,863,S,22,1249,71,1367,0
10228,22,tcp,smtp,0.65,16663,11703,SF,523,ShADadf,57,1072,42,1460,0
51840,21,icmp,ftp,6.63,27540,13329,SF,71,ShADadf,62,762,39,193,0
2105,22,icmp,ssh,4.16,19053,35509,SH,644,Sf,82,1258,69,307,0
30329,25,tcp,http,7.17,11085,6256,RSTR,105,Rej,71,60,48,1401,0
17920,110,tcp,ftp,4.27,30564,228,SH,731,Rej,90,800,57,495,0
61217,80,tcp,smtp,2.73,24209,24746,S1,884,Sf,72,1169,21,1259,1
47199,80,udp,dns,3.19,3981,16678,S1,964,ShADadf,70,379,82,745,1
8829,80,icmp,unknown,6.6,21153,37052,SF,688,SAD,30,1484,99,645,0
6261,110,udp,http,2.59,5247,46032,REJ,281,ShADadf,23,441,20,410,0
50735,20,icmp,dns,3.0,10553,46158,S0,132,Rej,32,1401,15,202,0
21080,23,icmp,ftp,0.51,20811,23185,S0,533,S,86,1333,69,1026,0
46567,53,icmp,ssh,1.93,29845,33686,SF,974,ShADadf,57,957,77,863,0
57580,443,icmp,ssh,3.78,6135,11445,SH,268,SAD,9,776,51,1481,0
50036,21,icmp,smtp,0.95,5573,33266,S1,411,ShAD,31,1339,76,777,0
46976,20,icmp,ssh,0.68,13731,2809,SH,672,ShADadf,71,366,62,702,0
4367,21,icmp,http,1.13,7189,37729,RSTR,618,Sf,9,1227,85,1452,0
14524,80,udp,ssh,0.83,14541,41785,REJ,790,ShAD,13,450,37,560,0
54246,22,tcp,smtp,0.73,43646,36547,SF,864,Sf,58,1252,6,429,0
30399,21,tcp,unknown,1.66,11087,42818,S0,746,Sf,3,1049,71,1465,0
10686,80,udp,ftp,7.15,46435,34886,RSTO,17,Sf,35,357,26,1169,0
17988,21,udp,ftp,2.12,2776,6391,SH,753,ShADadf,97,292,8,846,0
48917,22,udp,ssh,0.62,42079,145,S1,116,Rej,21,330,73,798,0
57180,80,udp,dns,0.24,27564,13929,RSTO,797,ShAD,64,1143,91,1009,0
60662,23,icmp,ftp,3.57,28835,24326,RSTR,793,SAD,95,1379,4,1408,0
9154,20,tcp,unknown,1.45,7697,29991,SF,143,Rej,52,1318,21,581,0
20555,25,icmp,ssh,5.18,14629,47685,SH,716,ShADadf,34,736,31,548,0
54425,443,tcp,smtp,3.23,8386,37333,S0,550,Sf,96,765,21,456,0
2703,110,tcp,unknown,4.77,17046,16576,SH,928,SAD,35,293,25,955,0
4530,443,udp,ssh,0.95,8044,39405,REJ,665,ShAD,15,1451,15,414,0
14308,443,icmp,unknown,3.54,9615,28464,RSTO,687,Rej,96,904,35,1006,1
8277,80,udp,ftp,0.92,47802,8243,REJ,960,S,6,1315,49,347,1
20152,23,icmp,smtp,8.39,5060,31601,RSTR,752,Rej,85,550,43,1057,0
28956,25,tcp,ssh,3.03,10900,2410,S0,421,SAD,97,562,41,595,1
62413,20,udp,http,1.18,5581,1820,RSTO,897,ShADadf,32,949,37,1374,0
10459,20,udp,smtp,0.94,34782,35289,RSTR,368,ShAD,52,651,57,910,0
55364,22,tcp,http,0.64,20173,38650,REJ,645,SAD,83,805,42,897,0
45102,110,tcp,unknown,3.56,12997,34635,REJ,557,Sf,97,1464,47,227,1
14320,21,tcp,dns,0.74,43403,7465,RSTO,49,ShAD,28,487,92,1009,0
52317,23,udp,smtp,2.71,46416,32439,S0,677,Rej,95,756,61,680,1
31469,21,icmp,unknown,0.92,7148,27314,REJ,105,SAD,85,705,14,487,0
14269,25,udp,http,3.25,18748,44229,SF,215,Rej,98,791,68,549,0
61427,443,icmp,ftp,5.06,14022,19583,RSTR,657,Rej,64,859,53,414,0
30148,20,udp,ftp,4.52,20013,27155,RSTO,922,Rej,79,423,84,255,0
30923,25,udp,dns,4.29,38687,38871,S1,424,ShADadf,78,261,34,604,0
44943,443,tcp,smtp,0.62,15886,12197,S1,71,Rej,19,941,76,776,0
44249,20,icmp,smtp,0.28,25256,29511,S0,987,Sf,15,205,97,883,0
56793,443,udp,smtp,3.6,30005,15424,SF,841,Sf,6,895,24,991,0
36271,110,udp,unknown,1.38,6638,48821,REJ,784,ShAD,73,698,20,1062,0
56660,23,tcp,dns,1.7,37419,240,S1,758,S,84,194,69,718,1
30246,25,tcp,smtp,0.09,33377,4631,S0,445,Rej,98,685,30,998,0
27235,25,icmp,unknown,0.9,40708,9599,RSTR,924,Rej,38,1347,88,839,0
63776,53,udp,ftp,0.1,43116,44462,SF,185,SAD,26,123,7,70,0
57597,80,icmp,http,6.34,36634,24658,SF,69,ShADadf,82,550,36,1339,0
60125,110,udp,unknown,0.84,16755,37845,SH,973,S,92,100,38,455,1
38244,110,icmp,ftp,2.44,23382,32574,S0,149,ShAD,51,1379,80,790,1
27670,21,tcp,ftp,0.12,49767,36536,S0,245,S,73,1086,52,468,0
39673,443,udp,http,3.3,22394,41910,SH,773,Rej,96,972,15,421,0
24073,80,icmp,ftp,1.17,2253,7995,REJ,537,SAD,53,1034,46,1342,1
15093,23,tcp,dns,6.85,37710,25186,S0,934,ShADadf,56,1193,23,1086,1
33604,23,tcp,http,6.57,45098,29245,SH,651,ShAD,59,1304,12,143,1
32867,110,icmp,ftp,1.18,864,22813,REJ,98,S,70,1453,93,215,1
3873,23,udp,ssh,6.94,34036,13276,REJ,909,ShAD,78,427,44,1259,0
61619,53,udp,unknown,16.69,40222,19989,RSTO,277,Rej,92,977,15,766,0
41182,25,tcp,ftp,5.24,13666,12746,SF,562,ShAD,58,1087,93,531,0
24313,22,udp,dns,5.59,20955,44243,RSTR,662,SAD,88,303,49,678,0
45714,21,udp,smtp,0.86,45138,18557,SF,943,ShAD,13,961,21,193,0
36281,443,udp,ftp,2.58,37997,28060,SF,454,Sf,43,225,15,847,0
10847,443,tcp,smtp,0.21,16309,6568,RSTO,103,SAD,76,1109,14,966,0
61184,20,icmp,ssh,0.3,4054,35369,REJ,945,S,51,1478,42,923,0
42999,22,udp,ftp,20.42,935,19041,REJ,600,ShADadf,19,1100,80,1463,0
10564,110,tcp,http,1.19,44940,6080,S0,652,ShADadf,21,787,15,726,0
17388,53,tcp,smtp,4.14,22778,13854,RSTO,724,Rej,91,1175,63,336,0
5635,25,icmp,ssh,4.93,43298,2159,S0,232,Rej,83,542,68,1319,1
28687,25,udp,http,5.86,48328,27025,RSTO,393,Sf,24,602,27,941,1
53015,53,udp,http,18.13,48924,41081,S0,500,S,26,1288,87,72,0
58703,80,icmp,http,0.83,16709,4368,S1,694,ShADadf,45,990,93,401,0
39670,20,icmp,http,0.12,9726,34085,SH,250,ShADadf,28,459,53,94,0
32001,443,tcp,ftp,1.59,40542,27094,SF,520,ShADadf,82,1290,52,618,0
30192,22,tcp,unknown,0.42,20245,46040,SF,78,ShADadf,29,678,63,1297,0
50139,23,icmp,ftp,0.07,34753,1230,RSTR,51,ShAD,17,1229,73,1495,0
26495,20,udp,ftp,1.34,14252,17517,SH,897,S,68,938,53,464,1
23711,22,tcp,ssh,4.59,21316,23991,REJ,920,SAD,44,160,57,717,0
61914,21,tcp,ssh,2.51,37371,1301,RSTR,780,SAD,61,939,52,218,0
1875,21,udp,unknown,1.13,19162,28610,S1,225,Sf,93,889,43,1015,0
19095,20,tcp,ssh,3.19,15960,15927,RSTR,50,ShAD,68,1324,7,1193,0
60299,110,udp,dns,0.79,30791,34678,SF,185,ShADadf,74,818,42,608,0
7857,22,udp,unknown,0.04,42230,24466,REJ,33,ShADadf,25,222,4,1044,1
12962,22,udp,ssh,4.34,25216,14904,S1,802,Rej,95,1256,69,1430,0
36219,53,icmp,unknown,2.93,32467,40875,SF,741,Rej,67,561,5,338,0
27168,110,icmp,ftp,4.31,46934,26081,SH,130,Sf,2,606,75,538,0
5024,443,icmp,ftp,0.12,7754,24354,S0,631,ShADadf,89,1367,92,170,0
6076,443,udp,unknown,5.44,47014,27761,RSTO,442,Sf,49,1442,80,490,0
36530,23,udp,dns,2.9,4078,18300,S1,837,ShAD,70,440,41,601,0
29098,25,icmp,dns,2.49,12853,29491,REJ,758,SAD,26,929,94,1198,0
55908,21,tcp,unknown,2.94,4042,35525,RSTR,431,ShADadf,72,964,4,1173,0
39179,443,udp,ssh,5.99,49052,26532,SH,703,S,99,1246,2,1295,1
41794,110,tcp,smtp,2.65,14389,6464,RSTR,496,ShAD,27,1061,67,419,0
33344,22,tcp,dns,2.61,30425,16562,S1,402,ShADadf,89,668,21,431,0
39328,443,udp,http,14.03,2575,41856,SH,322,S,18,366,70,1298,0
47271,22,udp,ftp,4.24,39522,47892,REJ,209,Rej,54,1422,43,1098,0
4937,443,tcp,unknown,1.75,28179,47028,S1,614,Sf,1,114,82,1014,0
18474,21,tcp,http,3.69,34754,42511,REJ,328,Rej,61,1042,69,318,0
25131,443,icmp,unknown,1.48,18624,8683,RSTR,371,SAD,3,392,9,837,0
21788,110,icmp,ftp,0.78,20350,32634,SF,459,Rej,68,186,84,179,0
44428,443,udp,ftp,2.73,26681,60,SH,132,ShADadf,41,764,28,1035,0
21515,25,icmp,dns,7.9,23988,9269,S0,834,S,37,302,26,972,0
39518,21,icmp,dns,7.94,15470,23065,SF,650,Rej,51,659,82,1211,0
4397,110,icmp,http,1.26,24704,2895,S0,120,ShADadf,15,1492,83,782,0
13185,53,icmp,unknown,2.25,38736,15323,RSTR,605,SAD,8,562,3,582,1
33020,110,tcp,ftp,0.71,29377,12352,SH,451,S,38,663,73,384,0
28146,25,udp,http,16.3,28572,44643,SF,964,Rej,83,362,95,1403,0
59121,21,icmp,smtp,11.91,7493,49737,SF,128,Sf,56,294,49,1133,0
35874,53,tcp,http,3.15,4103,38591,S1,90,Sf,47,1121,17,128,0
28374,25,tcp,ssh,4.9,34844,30890,RSTO,603,S,90,198,63,450,0
28496,25,tcp,http,3.77,2994,32016,RSTR,574,Sf,10,254,55,442,1
29785,20,icmp,ssh,2.7,3744,11962,REJ,28,Rej,78,706,23,75,0
26375,21,icmp,ssh,0.16,47234,33302,RSTR,721,Rej,49,60,34,905,1
24156,110,udp,ssh,1.82,47291,19846,REJ,523,S,41,620,69,928,0
50073,22,icmp,smtp,3.37,27332,4011,SH,332,Rej,83,1179,15,627,0
16329,22,icmp,http,3.4,5594,19782,REJ,296,ShADadf,30,772,47,191,0
10841,110,tcp,http,1.4,40299,2155,S0,129,SAD,5,472,3,1331,0
12285,110,udp,smtp,8.53,7371,39725,REJ,292,Sf,95,597,83,332,0
1441,21,icmp,ftp,0.55,47315,9196,REJ,172,ShADadf,71,488,28,1432,1
58482,110,icmp,dns,2.08,18028,43459,S1,719,S,83,294,3,543,0
42600,20,tcp,http,3.52,35912,21709,SF,943,Sf,31,408,4,609,1
21382,53,tcp,dns,3.58,13990,13327,RSTR,23,ShADadf,52,455,88,416,1
4291,110,icmp,unknown,3.14,46851,35474,RSTR,98,Rej,88,1434,31,1401,1
18233,22,udp,unknown,0.97,16626,32769,SH,405,S,98,475,45,1131,0
25076,110,udp,smtp,0.51,20469,41993,SH,355,S,23,975,59,1093,0
39537,20,tcp,unknown,3.03,40722,24700,REJ,138,Sf,48,1134,45,292,0
27116,443,tcp,unknown,2.74,40037,14820,RSTO,502,Rej,40,140,75,95,0
12362,443,icmp,ftp,0.59,7130,10891,RSTR,825,Sf,6,95,37,472,0
1436,25,tcp,ftp,3.66,6828,34629,SH,173,ShAD,38,1150,65,1087,0
8567,23,icmp,ftp,1.82,41612,5269,REJ,28,ShADadf,41,700,9,103,0
41379,53,udp,unknown,3.31,46988,43880,SH,930,ShAD,27,941,17,627,1
34520,80,udp,smtp,5.45,39099,48467,S0,495,ShADadf,75,816,65,1338,1
61716,25,icmp,ssh,0.56,46165,8320,S0,654,SAD,69,682,3,799,0
24572,443,tcp,ssh,0.06,17883,49589,SH,827,S,57,527,26,173,0
28408,22,udp,dns,4.53,43059,10740,S0,350,Sf,17,1225,53,456,0
59043,80,tcp,ssh,2.82,18542,35897,SH,553,SAD,71,415,31,1257,0
45449,25,udp,ssh,3.61,42932,30930,REJ,298,SAD,91,768,26,1338,0
39780,80,icmp,ftp,5.46,10450,17285,S1,719,S,47,1079,23,525,0
19912,21,icmp,ftp,4.87,20423,14380,RSTO,841,S,79,961,30,1360,0
36759,23,icmp,unknown,9.73,2035,11360,REJ,944,ShADadf,13,732,10,906,0
48319,21,udp,dns,2.3,44231,5398,S1,191,ShAD,11,498,72,561,0
52962,80,tcp,http,2.01,40745,5529,S1,671,Rej,90,590,89,500,0
49840,21,tcp,dns,1.54,17241,29062,RSTR,63,ShADadf,86,186,64,128,1
18530,20,tcp,dns,0.5,23154,36686,REJ,754,Rej,92,264,22,385,0
21487,443,udp,smtp,2.55,25625,17451,REJ,769,SAD,24,88,15,126,0
18979,20,udp,unknown,0.97,44950,49178,SH,663,Rej,93,504,56,363,0
38865,110,udp,smtp,7.63,33066,6937,S1,214,ShAD,73,1025,74,1031,0
6128,21,udp,dns,2.63,33691,39886,S1,833,ShADadf,4,523,20,543,0
35935,110,udp,dns,2.7,13331,49699,S1,165,S,46,1363,47,988,0
60055,22,tcp,dns,1.32,20690,10860,SH,542,ShAD,18,210,87,1242,0
24214,53,udp,ssh,0.16,19183,25142,RSTR,882,ShAD,43,299,53,208,0
8381,22,udp,smtp,0.1,39346,25279,REJ,231,ShADadf,80,325,53,1110,0
33503,80,tcp,dns,1.65,4875,38106,S1,793,S,33,1188,1,1046,0
62500,443,udp,ftp,0.27,12254,45240,S0,540,ShAD,93,972,2,643,0
45835,21,tcp,unknown,2.8,28621,35908,REJ,194,S,10,556,58,307,0
37232,25,tcp,unknown,6.39,10905,40764,SH,505,Sf,73,744,19,1184,0
21174,53,icmp,ftp,6.43,46121,48257,RSTR,333,Sf,59,217,62,761,1
6668,23,icmp,unknown,3.23,15882,14201,S0,767,Sf,31,231,78,155,1
44310,23,icmp,ssh,0.71,19041,40544,SH,792,Rej,28,553,72,1467,0
48344,23,icmp,ssh,5.96,29098,37711,SF,303,ShAD,60,1029,12,341,1
3938,21,udp,http,6.52,42431,45654,REJ,832,ShADadf,3,1394,26,381,0
22376,23,icmp,http,0.66,33709,8997,SF,436,ShADadf,55,1486,27,1479,1
56093,20,tcp,http,4.01,34675,40566,SH,322,Rej,14,735,29,1361,0
47376,53,udp,unknown,1.01,4837,20175,SH,501,ShADadf,58,718,15,588,0
45936,20,icmp,ssh,4.87,46448,40860,SH,857,Sf,89,962,46,322,1
15421,53,tcp,ssh,17.68,24489,3225,S1,913,ShAD,15,725,1,639,0
42579,20,udp,ssh,0.09,17627,44578,RSTR,392,ShADadf,2,426,60,1376,0
47983,53,udp,ftp,6.83,5696,47682,S1,805,ShADadf,24,609,92,353,0
1752,110,icmp,ssh,2.92,48994,35228,RSTR,598,SAD,78,702,57,454,0
51541,21,udp,ftp,10.88,13543,41505,RSTO,148,SAD,64,314,3,572,0
54668,21,tcp,http,1.88,12615,46688,S1,760,SAD,71,267,18,980,0
1722,23,udp,http,5.64,1466,23110,SF,832,ShAD,24,509,52,869,1
40978,22,tcp,unknown,0.19,30771,10754,RSTR,404,Sf,27,154,60,1263,0
48304,23,udp,http,1.23,18350,26655,S1,282,S,37,898,34,979,1
14947,80,icmp,unknown,0.21,375,43601,REJ,361,Sf,94,537,96,752,1
17803,20,tcp,dns,11.11,33030,3114,SH,378,Sf,91,742,93,294,0
64956,53,udp,dns,5.09,20746,26502,RSTR,197,ShAD,39,821,89,1011,0
8424,22,udp,smtp,5.74,22886,49768,RSTR,555,ShAD,63,249,60,1420,1
25490,80,udp,unknown,8.34,44348,48128,S1,355,SAD,79,770,26,1091,0
37963,21,tcp,smtp,0.27,42904,20028,RSTO,539,ShADadf,26,815,72,598,0
5384,21,tcp,smtp,1.46,32651,17587,S1,428,Rej,65,895,19,879,0
36294,23,tcp,dns,0.22,7833,42719,SF,16,Rej,4,192,22,1174,0
60187,20,icmp,unknown,0.71,1893,35333,SF,638,S,29,114,93,331,0
18125,22,icmp,dns,0.78,30573,3174,RSTR,378,ShADadf,1,569,33,1088,0
52958,443,tcp,smtp,1.9,31371,35398,RSTR,679,S,50,729,38,1302,0
33331,80,udp,unknown,0.94,40874,35929,S1,505,SAD,86,469,35,1201,0
55122,80,icmp,smtp,0.32,11826,4321,SF,755,S,11,1294,67,652,1
61945,23,tcp,ssh,0.55,34420,30435,SF,898,ShADadf,74,1376,83,1035,0
6510,21,udp,unknown,0.48,21924,45972,RSTO,75,ShADadf,59,1046,10,174,1
9359,23,icmp,unknown,10.84,33367,7099,REJ,230,Rej,62,793,91,322,0
22388,53,udp,smtp,4.27,21199,23760,RSTO,715,SAD,81,1198,15,1389,0
61508,22,udp,ssh,10.3,25868,11360,S0,961,ShAD,36,318,11,266,0
57442,20,udp,ftp,1.74,8792,10313,SH,247,S,56,1205,90,362,1
38283,110,udp,dns,0.98,20597,46270,RSTO,301,Rej,90,358,24,171,0
24600,25,icmp,smtp,4.8,36405,20462,S1,725,S,21,1464,77,1368,0
32691,25,icmp,unknown,1.18,32696,5801,REJ,214,S,13,620,96,244,1
12154,23,icmp,dns,1.07,43123,14130,S1,157,ShAD,9,356,4,960,0
22996,53,tcp,dns,0.79,15989,14271,SH,68,SAD,11,421,13,280,0
41443,22,icmp,dns,0.42,28931,16075,S0,392,ShADadf,75,648,73,1200,0
53812,443,udp,ftp,0.89,9290,36919,REJ,84,Sf,70,186,57,1153,1
61590,25,icmp,http,1.32,38367,41679,RSTR,266,S,1,256,98,957,0
2191,22,udp,smtp,3.36,14342,18984,SF,68,Sf,70,280,37,1153,0
28216,20,tcp,http,0.19,24941,22559,RSTO,610,SAD,77,1054,48,681,1
2086,53,udp,http,0.71,13945,12861,S1,346,Sf,86,150,71,486,0
19564,21,udp,http,4.97,10762,33434,S0,961,S,56,470,1,703,0
25268,22,udp,dns,0.48,30133,16667,SF,727,ShAD,31,67,60,627,0
22569,20,tcp,ssh,1.26,47080,5840,RSTO,926,Sf,86,603,12,502,0
22713,443,icmp,dns,6.0,40150,3565,SF,672,SAD,37,527,21,660,0
12198,110,icmp,dns,0.5,27052,43194,RSTO,422,SAD,47,379,11,1220,1
23949,21,tcp,unknown,0.26,41750,20977,RSTR,605,ShAD,91,1477,44,563,0
61662,110,udp,unknown,1.99,19953,21118,REJ,173,Sf,78,328,58,190,0
38521,443,icmp,http,1.08,40475,22641,SF,676,Sf,47,1274,44,277,0
10372,20,tcp,dns,2.49,17130,7366,SF,114,ShADadf,69,120,78,747,0
24738,25,icmp,http,4.89,31086,26636,SF,219,Rej,58,1347,98,230,0
39126,110,tcp,unknown,0.44,4633,15630,REJ,955,SAD,36,856,34,671,0
9948,21,udp,ssh,2.61,17304,20056,S0,30,ShADadf,32,1178,25,1051,0
38122,23,icmp,smtp,2.11,42037,7382,RSTO,522,SAD,98,612,4,1212,0
25418,80,tcp,http,0.47,32284,16149,RSTR,342,ShADadf,64,985,64,116,0
7825,22,icmp,ssh,2.93,46546,48639,SF,376,Rej,71,720,90,1264,0
38638,25,icmp,smtp,0.96,7008,46041,SH,129,ShADadf,42,775,16,305,1
7755,110,icmp,ftp,2.01,48291,992,REJ,999,SAD,48,838,10,203,0
49160,22,icmp,http,0.26,27405,6858,S0,616,Sf,74,253,66,1134,0
24649,23,tcp,http,1.85,36386,2121,RSTO,538,SAD,81,541,35,427,1
18361,443,udp,ftp,1.1,25373,27160,REJ,738,S,30,1419,83,277,0
36331,80,tcp,ftp,5.18,20827,45156,RSTR,1,ShAD,21,1279,6,675,0
8080,20,tcp,http,0.18,33040,20906,RSTR,870,ShAD,60,914,19,1340,0
12540,23,tcp,ftp,1.63,13007,19572,RSTO,100,S,13,1332,59,1239,0
45285,23,udp,dns,1.84,18157,4136,SF,532,ShAD,1,557,53,501,0
2566,443,icmp,smtp,3.87,32157,16727,RSTR,57,ShAD,65,271,8,900,1
22701,53,icmp,smtp,2.56,35315,32167,S0,388,Rej,33,724,78,1015,0
47756,443,icmp,smtp,3.3,35932,45421,REJ,691,Sf,38,729,10,758,0
51367,53,udp,dns,4.5,21164,15479,S0,940,Sf,25,280,67,935,0
40105,53,icmp,ftp,5.95,14414,31376,SF,340,SAD,26,332,38,835,1
63880,25,udp,ssh,1.13,14327,4823,S0,860,S,77,1237,29,821,0
28593,25,icmp,ftp,2.32,48344,4920,S0,19,ShADadf,59,1332,15,1004,1
24346,21,icmp,http,5.5,946,19585,S1,254,SAD,92,338,87,982,0
20089,110,tcp,unknown,13.66,14693,38239,S0,316,SAD,33,875,23,994,0
59585,110,udp,smtp,6.61,27241,17272,RSTO,37,SAD,41,335,82,84,0
18948,20,tcp,ftp,1.39,49658,26619,REJ,659,SAD,30,1064,46,865,0
23580,110,tcp,ssh,0.65,30254,9533,S1,536,Sf,57,573,83,823,0
61604,25,tcp,http,2.02,15540,39895,REJ,385,ShADadf,49,1171,28,1143,0
55717,21,udp,dns,4.06,6719,3720,REJ,632,SAD,48,982,26,493,0
27986,21,udp,dns,2.04,41203,19267,SF,927,Sf,72,701,10,938,0
29319,53,icmp,ssh,1.98,25081,15696,SF,25,SAD,49,564,47,1149,1
14831,443,tcp,http,5.46,11350,29968,S1,453,ShAD,47,649,4,969,1
43372,20,icmp,smtp,1.35,36358,23345,RSTR,680,SAD,56,831,55,624,0
27456,53,tcp,ftp,5.89,32021,25693,SH,322,S,65,1324,66,165,0
18773,443,udp,http,1.57,42832,19385,SF,736,S,12,799,67,155,0
42483,110,udp,dns,1.19,28369,18122,SH,512,SAD,69,734,7,227,0
27280,53,udp,ssh,1.82,31728,1364,SF,818,Rej,88,1319,55,101,1
58878,22,tcp,ssh,4.31,17576,2708,SF,772,ShAD,6,1073,80,163,0
41286,110,udp,ftp,0.4,29001,12982,REJ,12,ShADadf,89,187,31,1287,1
38104,443,tcp,ssh,0.66,17848,17308,S1,914,SAD,65,562,74,579,1
2348,20,icmp,ssh,9.08,390,32919,REJ,907,ShADadf,25,1283,19,341,1
26755,443,tcp,http,0.58,21999,25161,RSTO,559,ShAD,1,961,28,1126,0
60195,53,icmp,smtp,2.52,45436,35089,REJ,920,SAD,32,602,81,1006,0
36933,53,tcp,ftp,2.6,11569,13865,SH,824,Rej,3,551,28,1193,0
24827,23,icmp,http,2.02,13029,495,SH,370,Sf,49,1104,19,1293,0
20894,20,udp,smtp,3.1,22490,44755,RSTO,290,Rej,19,1317,87,808,0
35602,110,icmp,http,0.78,45875,2148,S0,331,Rej,60,773,20,890,0
7612,21,udp,unknown,2.41,35328,33324,S0,605,Sf,29,850,13,108,0
53099,20,udp,http,1.4,5867,13393,RSTO,260,Sf,50,475,77,174,0
39093,21,icmp,ssh,3.25,15284,1552,RSTO,993,S,2,207,43,1238,0
27814,20,tcp,smtp,0.46,33979,35853,REJ,789,Sf,73,1029,11,562,0
54362,20,tcp,ftp,2.54,9121,32924,RSTO,870,SAD,56,88,48,1045,0
26313,443,tcp,ftp,0.61,1539,8926,S1,204,ShADadf,17,1444,15,130,0
56153,20,tcp,smtp,0.98,25488,30851,S0,696,S,60,367,17,1071,0
29202,23,tcp,ssh,0.74,17027,23889,S0,686,S,36,221,54,1419,0
29734,53,udp,dns,0.61,8693,39930,RSTR,949,ShADadf,61,928,50,126,0
16509,80,tcp,http,5.24,8921,8055,RSTO,386,S,17,911,28,1026,0
45506,21,udp,ssh,1.01,10310,4654,SF,891,Sf,49,120,83,1296,0
21676,53,udp,unknown,7.86,45512,22634,SF,820,Rej,76,184,4,240,0
5772,80,udp,smtp,10.51,30908,32363,RSTO,467,ShAD,60,1154,22,672,0
22257,21,icmp,http,2.54,4386,11468,S1,414,Sf,20,897,86,756,0
10459,21,icmp,ftp,0.46,32263,32922,SF,68,Rej,50,525,39,662,0
4733,80,udp,dns,1.41,28412,40718,RSTR,471,Rej,3,302,34,307,0
59449,20,icmp,unknown,4.79,17303,48091,SH,103,S,43,1304,97,1297,1
31379,110,tcp,ftp,1.37,12242,17380,RSTO,757,SAD,57,532,44,418,0
56795,22,tcp,smtp,0.27,47025,26870,S1,160,SAD,50,1018,42,308,1
58823,53,udp,http,2.44,8947,37394,S1,199,S,68,592,40,697,0
14140,443,tcp,smtp,5.6,46714,14259,REJ,215,S,81,553,97,1009,0
26494,53,udp,http,4.77,5930,14873,S1,945,ShADadf,50,958,12,1171,0
43368,443,udp,ssh,0.58,38170,13016,SF,211,ShADadf,37,141,2,722,0
43942,80,tcp,dns,3.35,48785,42137,SH,507,ShAD,46,915,28,235,0
53248,443,icmp,ssh,0.75,507,153,SF,15,ShAD,42,938,74,782,0
40322,21,tcp,ssh,0.74,1436,7853,RSTO,497,ShAD,15,982,86,485,0
43980,110,tcp,smtp,6.22,27151,12379,SH,883,ShAD,33,71,81,830,0
15707,110,udp,dns,0.86,11618,15792,RSTO,331,Rej,80,1346,90,762,0
62653,21,udp,http,0.92,8750,38367,S1,716,Rej,11,508,67,140,1
1528,23,udp,http,0.0,16122,18100,RSTR,876,ShADadf,20,1275,71,986,0
35006,80,udp,unknown,6.14,7354,47553,S0,550,SAD,24,821,72,197,0
35323,23,icmp,ftp,4.72,44062,11049,SH,600,S,64,1197,84,529,0
29040,23,icmp,unknown,2.96,30979,786,REJ,941,SAD,80,85,76,409,0
24984,53,icmp,unknown,4.16,20900,4368,S0,255,Sf,94,567,99,1209,1
34615,53,udp,http,0.49,13840,30699,S1,991,Rej,98,121,81,1392,0
18336,22,udp,smtp,1.84,37167,47691,S1,765,ShAD,65,288,92,1313,0
38821,443,udp,ssh,1.3,5037,37040,S0,727,ShAD,88,666,10,1428,0
47220,21,icmp,ssh,0.3,28633,27454,REJ,879,Sf,88,1118,86,369,0
50309,53,udp,ssh,2.0,24495,38762,SH,814,SAD,73,950,57,1103,0
3129,80,tcp,dns,7.61,15848,23600,SH,171,ShAD,86,820,97,1061,1
37419,443,tcp,http,0.12,36483,29238,S0,648,SAD,76,654,86,328,0
46764,22,udp,smtp,1.03,47645,25241,RSTO,999,S,17,1108,37,1086,1
65183,22,tcp,dns,0.7,7837,19810,SF,497,Sf,89,1115,77,829,1
23724,80,tcp,ftp,0.82,34069,20167,RSTR,470,SAD,92,1095,91,75,0
35644,23,icmp,smtp,7.17,7370,21811,RSTO,383,S,61,1402,64,665,0
38702,110,udp,unknown,1.89,6411,39779,SH,689,SAD,15,60,79,1441,0
63636,80,udp,smtp,1.88,39133,20085,SF,588,SAD,94,1219,86,872,0
21583,25,icmp,smtp,4.29,30499,46854,RSTR,699,ShAD,51,1279,94,1216,0
28533,80,tcp,ssh,0.5,30225,9261,RSTR,506,ShADadf,27,192,40,1395,1
28884,22,tcp,smtp,2.0,48217,18733,RSTR,991,Rej,86,145,98,541,0
62666,21,udp,unknown,1.69,692,39779,S1,526,SAD,74,1407,60,954,0
12027,53,tcp,unknown,2.73,28926,29079,RSTR,803,SAD,61,1263,98,1388,0
22756,21,icmp,http,23.17,34246,33980,REJ,830,SAD,58,575,48,328,0
64163,22,icmp,smtp,4.4,39164,14141,S0,324,ShADadf,31,234,99,473,1
26850,53,udp,ssh,1.52,8448,9344,SH,213,S,91,822,19,84,0
31378,25,icmp,smtp,5.27,43390,39472,REJ,207,Sf,12,1104,72,375,0
14867,110,icmp,ftp,0.56,49593,15896,S0,168,ShAD,46,1056,33,630,0
45496,443,udp,ftp,0.09,10073,23817,RSTO,329,ShADadf,31,1188,44,784,1
49553,22,icmp,ssh,0.69,35414,29813,RSTO,279,S,32,637,92,1067,0
7214,22,icmp,http,1.25,5209,18895,S0,977,SAD,32,108,37,1359,1
18664,22,icmp,http,2.14,6533,143,REJ,304,S,99,587,89,448,0
53552,53,tcp,unknown,2.86,21061,10681,S0,145,ShADadf,53,204,36,781,0
39437,20,udp,unknown,7.24,7211,7367,RSTR,774,ShADadf,61,1423,81,503,0
63630,80,udp,dns,2.14,9927,3228,S1,515,ShADadf,46,821,88,1058,0
53662,20,udp,ssh,2.09,11927,4582,SH,89,Sf,85,1437,21,1140,0
53760,25,tcp,smtp,0.15,24594,13147,RSTO,452,Rej,74,1158,2,756,0
43380,110,tcp,ssh,0.11,9316,11397,SH,59,ShAD,80,988,31,1030,0
45621,23,udp,dns,2.4,12177,38799,S1,310,Sf,7,853,97,780,0
41845,25,tcp,unknown,1.73,10846,37011,RSTR,527,Sf,4,378,30,427,0
4354,23,udp,ssh,5.48,7933,13647,RSTR,226,Rej,91,1170,76,401,0
20111,23,tcp,ssh,0.53,38244,27718,RSTO,473,Sf,52,757,44,363,0
42454,110,icmp,unknown,0.08,46621,44264,RSTO,977,ShADadf,89,906,12,823,0
25528,21,icmp,dns,1.79,40696,42317,RSTR,540,ShADadf,31,842,51,1457,0
8138,20,udp,unknown,0.81,2080,47914,SF,662,S,75,101,49,875,0
14347,22,tcp,http,0.15,6089,19097,SH,756,SAD,84,1176,24,171,0
35145,443,tcp,smtp,3.87,26123,36953,S1,781,Sf,36,588,24,937,1
11999,23,icmp,unknown,0.35,7797,45254,SH,78,SAD,54,1348,60,1089,0
12047,25,icmp,dns,2.81,8346,40096,S1,432,ShAD,54,351,11,989,0
22471,21,tcp,ftp,0.99,19878,49452,SF,800,ShADadf,17,1028,13,762,1
25957,23,tcp,http,0.57,33672,17107,REJ,152,S,75,156,91,905,1
61387,21,tcp,ftp,1.43,17653,3010,S1,788,ShAD,30,1178,72,1003,0
24983,21,tcp,unknown,4.85,49556,5555,SH,400,S,99,1409,74,338,1
1691,23,tcp,http,1.49,42742,67,S0,278,Rej,22,133,72,441,0
54644,53,tcp,smtp,4.17,26140,28412,RSTR,56,ShADadf,43,1419,64,72,0
30727,80,udp,unknown,0.4,1184,44953,RSTR,976,ShAD,27,1151,20,362,0
10361,22,tcp,smtp,4.45,34493,34305,SF,185,Rej,37,817,72,219,0
47451,22,icmp,ssh,0.81,44148,49549,S1,397,ShAD,46,1160,73,213,0
56995,53,udp,ftp,3.39,24846,11549,REJ,604,S,35,267,71,813,1
62553,22,tcp,http,2.5,45825,5680,S1,787,Rej,4,1304,78,240,1
37511,21,icmp,smtp,7.94,22195,25739,RSTR,157,Rej,80,1345,28,1263,0
20153,110,udp,dns,1.47,5606,21209,RSTO,786,ShADadf,80,469,2,436,0
41275,25,icmp,smtp,0.21,3956,41515,S0,692,SAD,85,390,43,835,0
32945,20,tcp,dns,0.06,16555,22432,SF,358,S,26,403,8,1251,0
34331,22,tcp,unknown,5.26,24849,15116,RSTO,439,S,19,1048,13,1297,0
28379,110,tcp,http,2.23,18690,20045,SH,588,Rej,81,830,85,1233,0
38756,23,tcp,smtp,4.48,48849,26327,REJ,465,Rej,45,133,92,75,1
62504,80,udp,smtp,0.8,26347,35709,RSTO,662,ShADadf,26,313,35,1174,0
5859,21,udp,http,1.27,33189,43617,SH,445,SAD,22,1018,23,1203,0
21183,80,icmp,smtp,0.09,38308,26905,RSTO,749,S,58,879,46,312,0
39834,25,tcp,dns,9.77,25785,7067,REJ,800,Sf,63,1045,15,1143,0
48629,25,icmp,smtp,3.31,49056,32559,RSTO,742,Sf,28,391,2,1349,1
57278,53,udp,ftp,8.12,32698,42919,SF,487,SAD,65,1481,61,1492,0
41104,443,tcp,unknown,0.93,15966,17985,RSTR,529,ShAD,44,1428,76,90,0
39112,53,tcp,ssh,2.84,31097,27369,S1,72,ShADadf,43,806,64,1104,0
14240,110,udp,dns,3.4,15882,17864,RSTO,928,SAD,37,895,52,790,0
56308,80,udp,ftp,1.15,4675,22614,SF,927,Sf,66,514,36,348,0
58067,443,udp,unknown,5.65,41850,47894,S1,700,Rej,17,1198,67,557,0
60876,23,udp,http,8.82,13009,15613,SH,949,Sf,40,372,69,1488,0
36571,21,udp,dns,6.48,27843,6447,S1,16,Rej,38,1077,67,607,0
32495,80,tcp,ssh,4.03,29793,5499,SH,530,ShADadf,85,287,47,1020,0
